,open,high,low,close,volume,Ticker,Date
135007,147.44,147.45,147.44,147.45,756,WMT,2023-04-03 04:55:00
135008,147.33,147.33,147.01,147.01,1989,WMT,2023-04-03 06:05:00
135009,146.78,146.78,146.78,146.78,370,WMT,2023-04-03 07:05:00
135011,147.0,147.0019,147.0,147.0019,339,WMT,2023-04-03 08:05:00
135012,147.5,147.5,147.45,147.45,1086,WMT,2023-04-03 08:25:00
135014,147.265,147.265,147.265,147.265,200,WMT,2023-04-03 09:00:00
135015,147.6,147.6,147.6,147.6,107,WMT,2023-04-03 09:20:00
135017,147.73,147.99,147.5,147.95,214158,WMT,2023-04-03 09:35:00
135018,147.95,148.08,147.9,147.97,88985,WMT,2023-04-03 09:40:00
135019,147.99,148.215,147.94,147.985,80522,WMT,2023-04-03 09:45:00
135021,148.07,148.3223,147.99,148.26,95616,WMT,2023-04-03 09:55:00
135022,148.25,148.38,148.16,148.21,113535,WMT,2023-04-03 10:00:00
135023,148.22,148.38,148.16,148.245,71321,WMT,2023-04-03 10:05:00
135025,148.73,148.82,148.56,148.74,78766,WMT,2023-04-03 10:15:00
135026,148.731,148.84,148.69,148.69,65630,WMT,2023-04-03 10:20:00
135027,148.68,148.924,148.651,148.845,69775,WMT,2023-04-03 10:25:00
135028,148.85,148.94,148.79,148.91,46517,WMT,2023-04-03 10:30:00
135029,148.92,148.95,148.71,148.77,65877,WMT,2023-04-03 10:35:00
135030,148.78,148.87,148.64,148.66,75134,WMT,2023-04-03 10:40:00
135031,148.66,148.79,148.59,148.62,77367,WMT,2023-04-03 10:45:00
135032,148.625,148.71,148.54,148.58,65047,WMT,2023-04-03 10:50:00
135033,148.57,148.68,148.46,148.67,65041,WMT,2023-04-03 10:55:00
135036,148.43,148.47,148.24,148.38,128936,WMT,2023-04-03 11:10:00
135039,148.35,148.54,148.32,148.51,62035,WMT,2023-04-03 11:25:00
135040,148.52,148.67,148.51,148.66,59384,WMT,2023-04-03 11:30:00
135041,148.6599,148.79,148.57,148.77,68280,WMT,2023-04-03 11:35:00
135042,148.76,148.845,148.67,148.684,59036,WMT,2023-04-03 11:40:00
135043,148.69,148.81,148.63,148.77,49870,WMT,2023-04-03 11:45:00
135044,148.78,148.8,148.61,148.61,45799,WMT,2023-04-03 11:50:00
135045,148.62,148.6599,148.51,148.53,34416,WMT,2023-04-03 11:55:00
135046,148.53,148.63,148.5,148.61,38119,WMT,2023-04-03 12:00:00
135047,148.61,148.61,148.505,148.55,29550,WMT,2023-04-03 12:05:00
135048,148.56,148.575,148.37,148.46,35622,WMT,2023-04-03 12:10:00
135049,148.45,148.46,148.37,148.425,31702,WMT,2023-04-03 12:15:00
135050,148.425,148.47,148.36,148.46,46400,WMT,2023-04-03 12:20:00
135051,148.475,148.475,148.38,148.38,38353,WMT,2023-04-03 12:25:00
135052,148.38,148.4,148.33,148.33,31651,WMT,2023-04-03 12:30:00
135053,148.325,148.33,148.26,148.3,30451,WMT,2023-04-03 12:35:00
135054,148.31,148.31,148.25,148.26,38276,WMT,2023-04-03 12:40:00
135055,148.26,148.285,148.18,148.2,41121,WMT,2023-04-03 12:45:00
135056,148.205,148.34,148.2,148.315,30674,WMT,2023-04-03 12:50:00
135057,148.32,148.47,148.31,148.435,42685,WMT,2023-04-03 12:55:00
135058,148.44,148.51,148.42,148.47,40998,WMT,2023-04-03 13:00:00
135059,148.47,148.47,148.29,148.37,24430,WMT,2023-04-03 13:05:00
135060,148.38,148.47,148.371,148.47,24499,WMT,2023-04-03 13:10:00
135061,148.49,148.59,148.48,148.57,29958,WMT,2023-04-03 13:15:00
135062,148.57,148.61,148.4743,148.51,39379,WMT,2023-04-03 13:20:00
135063,148.515,148.515,148.4,148.49,29814,WMT,2023-04-03 13:25:00
135064,148.5,148.525,148.39,148.405,31787,WMT,2023-04-03 13:30:00
135065,148.39,148.43,148.38,148.41,27132,WMT,2023-04-03 13:35:00
135066,148.4,148.51,148.38,148.51,37558,WMT,2023-04-03 13:40:00
135067,148.5139,148.52,148.41,148.415,30678,WMT,2023-04-03 13:45:00
135069,148.355,148.44,148.335,148.44,28165,WMT,2023-04-03 13:55:00
135070,148.44,148.45,148.37,148.435,50720,WMT,2023-04-03 14:00:00
135071,148.43,148.52,148.37,148.39,58879,WMT,2023-04-03 14:05:00
135072,148.385,148.54,148.385,148.46,33521,WMT,2023-04-03 14:10:00
135073,148.465,148.55,148.4225,148.54,47091,WMT,2023-04-03 14:15:00
135074,148.53,148.55,148.43,148.455,49701,WMT,2023-04-03 14:20:00
135075,148.4518,148.64,148.39,148.625,61236,WMT,2023-04-03 14:25:00
135076,148.62,148.73,148.57,148.72,59219,WMT,2023-04-03 14:30:00
135077,148.7,148.88,148.64,148.82,47193,WMT,2023-04-03 14:35:00
135078,148.82,148.84,148.72,148.79,50414,WMT,2023-04-03 14:40:00
135079,148.8,148.85,148.76,148.8,38032,WMT,2023-04-03 14:45:00
135080,148.81,148.845,148.76,148.77,32135,WMT,2023-04-03 14:50:00
135081,148.76,148.87,148.672,148.74,56122,WMT,2023-04-03 14:55:00
135083,148.78,148.79,148.66,148.68,53592,WMT,2023-04-03 15:05:00
135084,148.665,148.755,148.58,148.58,38009,WMT,2023-04-03 15:10:00
135085,148.59,148.625,148.52,148.625,57340,WMT,2023-04-03 15:15:00
135087,148.555,148.68,148.54,148.63,56470,WMT,2023-04-03 15:25:00
135088,148.63,148.78,148.63,148.73,62437,WMT,2023-04-03 15:30:00
135089,148.73,148.77,148.67,148.69,72861,WMT,2023-04-03 15:35:00
135090,148.68,148.77,148.64,148.6508,89331,WMT,2023-04-03 15:40:00
135091,148.655,148.67,148.54,148.625,114214,WMT,2023-04-03 15:45:00
135092,148.63,148.73,148.615,148.63,103825,WMT,2023-04-03 15:50:00
135093,148.63,148.65,148.52,148.615,185807,WMT,2023-04-03 15:55:00
135095,148.69,148.69,148.5,148.69,351598,WMT,2023-04-03 16:05:00
135096,148.69,148.69,148.69,148.69,6920,WMT,2023-04-03 16:10:00
135097,148.69,148.69,148.69,148.69,3019,WMT,2023-04-03 16:15:00
135098,148.55,148.55,148.55,148.55,100,WMT,2023-04-03 16:20:00
135099,148.55,148.55,148.55,148.55,200,WMT,2023-04-03 17:00:00
135101,148.58,148.58,148.58,148.58,493,WMT,2023-04-03 17:50:00
135102,148.66,148.66,148.66,148.66,100,WMT,2023-04-03 18:35:00
135104,148.6,148.6,148.57,148.57,394,WMT,2023-04-03 19:10:00
135105,148.57,148.57,148.57,148.57,500,WMT,2023-04-03 19:55:00
135106,148.68,148.68,148.68,148.68,187,WMT,2023-04-04 07:10:00
135108,148.85,148.85,148.85,148.85,100,WMT,2023-04-04 08:50:00
135110,148.58,148.58,148.58,148.58,435,WMT,2023-04-04 09:30:00
135111,148.53,148.79,148.18,148.54,273317,WMT,2023-04-04 09:35:00
135113,148.41,148.41,147.89,147.98,149959,WMT,2023-04-04 09:45:00
135114,147.99,148.3,147.9,148.07,84845,WMT,2023-04-04 09:50:00
135115,148.06,148.46,148.015,148.46,63667,WMT,2023-04-04 09:55:00
135116,148.44,148.48,148.3,148.385,31227,WMT,2023-04-04 10:00:00
135119,148.26,148.33,148.1,148.16,56690,WMT,2023-04-04 10:15:00
135121,148.15,148.2,148.0,148.18,60427,WMT,2023-04-04 10:25:00
135122,148.19,148.21,148.04,148.08,59151,WMT,2023-04-04 10:30:00
135123,148.09,148.5,148.09,148.41,88230,WMT,2023-04-04 10:35:00
135124,148.41,148.42,148.22,148.22,52228,WMT,2023-04-04 10:40:00
135128,148.11,148.11,147.92,147.92,58695,WMT,2023-04-04 11:00:00
135129,147.91,147.99,147.8,147.91,52729,WMT,2023-04-04 11:05:00
135130,147.8998,147.91,147.75,147.8,45431,WMT,2023-04-04 11:10:00
135132,147.69,147.69,147.51,147.57,60247,WMT,2023-04-04 11:20:00
135133,147.56,147.61,147.51,147.54,39778,WMT,2023-04-04 11:25:00
135134,147.56,147.57,147.44,147.49,66726,WMT,2023-04-04 11:30:00
135136,147.44,147.65,147.435,147.61,27677,WMT,2023-04-04 11:40:00
135137,147.6,147.79,147.59,147.77,34859,WMT,2023-04-04 11:45:00
135138,147.76,147.84,147.71,147.71,35554,WMT,2023-04-04 11:50:00
135139,147.69,147.78,147.63,147.745,27263,WMT,2023-04-04 11:55:00
135140,147.74,147.75,147.5,147.54,33962,WMT,2023-04-04 12:00:00
135141,147.54,147.64,147.53,147.62,28444,WMT,2023-04-04 12:05:00
135142,147.63,147.68,147.42,147.43,47918,WMT,2023-04-04 12:10:00
135143,147.43,147.45,147.21,147.2597,59040,WMT,2023-04-04 12:15:00
135144,147.26,147.33,147.22,147.22,35474,WMT,2023-04-04 12:20:00
135145,147.205,147.25,147.1,147.18,53124,WMT,2023-04-04 12:25:00
135147,147.34,147.38,147.29,147.29,28849,WMT,2023-04-04 12:35:00
135148,147.29,147.32,147.2,147.22,38712,WMT,2023-04-04 12:40:00
135149,147.22,147.44,147.21,147.4294,42189,WMT,2023-04-04 12:45:00
135150,147.43,147.51,147.37,147.475,36868,WMT,2023-04-04 12:50:00
135151,147.47,147.48,147.36,147.39,30607,WMT,2023-04-04 12:55:00
135152,147.385,147.43,147.34,147.355,36170,WMT,2023-04-04 13:00:00
135154,147.2987,147.44,147.26,147.31,39092,WMT,2023-04-04 13:10:00
135156,147.31,147.5,147.305,147.47,38900,WMT,2023-04-04 13:20:00
135157,147.46,147.5,147.39,147.5,30389,WMT,2023-04-04 13:25:00
135159,147.435,147.435,147.25,147.25,70861,WMT,2023-04-04 13:35:00
135160,147.255,147.33,147.24,147.325,68657,WMT,2023-04-04 13:40:00
135161,147.325,147.345,147.17,147.185,51778,WMT,2023-04-04 13:45:00
135162,147.18,147.18,147.02,147.14,46303,WMT,2023-04-04 13:50:00
135165,147.09,147.14,147.075,147.12,31523,WMT,2023-04-04 14:05:00
135166,147.13,147.25,147.13,147.14,54530,WMT,2023-04-04 14:10:00
135167,147.15,147.2824,147.145,147.24,37850,WMT,2023-04-04 14:15:00
135169,147.19,147.255,147.18,147.19,39543,WMT,2023-04-04 14:25:00
135170,147.19,147.27,147.185,147.21,47170,WMT,2023-04-04 14:30:00
135171,147.2,147.25,147.15,147.19,49551,WMT,2023-04-04 14:35:00
135172,147.19,147.23,147.12,147.18,35414,WMT,2023-04-04 14:40:00
135173,147.18,147.18,147.095,147.14,39824,WMT,2023-04-04 14:45:00
135174,147.1417,147.1417,147.03,147.05,33398,WMT,2023-04-04 14:50:00
135176,147.1,147.22,147.05,147.175,72049,WMT,2023-04-04 15:00:00
135177,147.17,147.33,147.125,147.31,39769,WMT,2023-04-04 15:05:00
135178,147.3,147.32,147.19,147.23,48716,WMT,2023-04-04 15:10:00
135179,147.2399,147.29,147.12,147.18,62132,WMT,2023-04-04 15:15:00
135180,147.19,147.29,147.175,147.275,56432,WMT,2023-04-04 15:20:00
135181,147.28,147.4,147.27,147.325,68223,WMT,2023-04-04 15:25:00
135183,147.23,147.25,147.145,147.18,60673,WMT,2023-04-04 15:35:00
135185,147.195,147.235,147.16,147.16,83449,WMT,2023-04-04 15:45:00
135186,147.165,147.17,147.03,147.03,98410,WMT,2023-04-04 15:50:00
135187,147.03,147.27,147.025,147.255,147797,WMT,2023-04-04 15:55:00
135188,147.255,147.295,147.06,147.24,416745,WMT,2023-04-04 16:00:00
135189,147.23,147.23,147.23,147.23,189908,WMT,2023-04-04 16:05:00
135190,147.23,147.23,147.23,147.23,8738,WMT,2023-04-04 16:10:00
135191,147.23,147.23,147.23,147.23,2932,WMT,2023-04-04 16:15:00
135192,147.34,147.41,144.69,144.74,76158,WMT,2023-04-04 16:30:00
135193,144.29,145.9,144.29,145.9,18070,WMT,2023-04-04 16:35:00
135194,145.62,147.25,145.62,146.45,21389,WMT,2023-04-04 16:40:00
135195,146.58,146.65,146.58,146.65,719,WMT,2023-04-04 16:45:00
135196,146.01,146.5,146.01,146.01,1925,WMT,2023-04-04 16:50:00
135197,146.5,146.74,146.5,146.5,1292,WMT,2023-04-04 16:55:00
135198,146.6,146.6,146.0,146.19,6576,WMT,2023-04-04 17:00:00
135199,146.2,146.2,146.2,146.2,100,WMT,2023-04-04 17:05:00
135200,146.0568,146.0568,146.0568,146.0568,100,WMT,2023-04-04 17:45:00
135201,146.35,146.35,146.35,146.35,960,WMT,2023-04-04 18:30:00
135202,146.45,146.45,146.45,146.45,300,WMT,2023-04-04 18:55:00
135203,146.4,146.4,146.39,146.39,1227,WMT,2023-04-04 19:50:00
135204,146.47,146.48,146.47,146.48,838,WMT,2023-04-04 19:55:00
135205,146.3,146.48,146.3,146.48,1703,WMT,2023-04-04 20:00:00
135206,146.8,146.8,146.8,146.8,240,WMT,2023-04-05 06:55:00
135207,146.5,146.8,146.4,146.8,847,WMT,2023-04-05 07:05:00
135208,146.75,146.75,146.75,146.75,208517,WMT,2023-04-05 08:05:00
135209,146.8,146.8,146.8,146.8,200,WMT,2023-04-05 08:10:00
135210,146.87,146.87,146.87,146.87,270,WMT,2023-04-05 08:15:00
135213,146.99,147.0,146.99,147.0,709,WMT,2023-04-05 08:30:00
135214,146.7,146.98,146.7,146.98,300,WMT,2023-04-05 08:35:00
135215,146.85,146.85,146.7,146.7,2702,WMT,2023-04-05 08:40:00
135216,146.8,146.98,146.8,146.98,1676,WMT,2023-04-05 08:45:00
135217,146.98,146.98,146.98,146.98,549,WMT,2023-04-05 08:50:00
135218,146.98,146.98,146.98,146.98,1208,WMT,2023-04-05 08:55:00
135219,146.98,146.98,146.98,146.98,1843,WMT,2023-04-05 09:10:00
135220,147.0,147.23,147.0,147.0,1750,WMT,2023-04-05 09:15:00
135221,147.23,147.23,147.23,147.23,500,WMT,2023-04-05 09:20:00
135222,147.23,147.23,147.2,147.2,6291,WMT,2023-04-05 09:25:00
135223,147.13,147.23,146.98,147.12,5021,WMT,2023-04-05 09:30:00
135224,147.17,148.49,147.14,148.16,353819,WMT,2023-04-05 09:35:00
135225,148.1613,148.71,148.1176,148.71,117918,WMT,2023-04-05 09:40:00
135226,148.69,149.069,148.61,148.86,250312,WMT,2023-04-05 09:45:00
135227,148.895,148.9,148.45,148.71,137027,WMT,2023-04-05 09:50:00
135229,148.605,149.15,148.48,149.1,96406,WMT,2023-04-05 10:00:00
135231,149.255,149.59,149.2236,149.57,180379,WMT,2023-04-05 10:10:00
135232,149.565,149.59,149.16,149.37,158585,WMT,2023-04-05 10:15:00
135233,149.34,149.44,148.9,149.2099,109917,WMT,2023-04-05 10:20:00
135236,149.15,149.23,148.88,149.0,71329,WMT,2023-04-05 10:35:00
135237,149.015,149.015,148.61,148.69,112602,WMT,2023-04-05 10:40:00
135238,148.7,149.0,148.695,148.925,80427,WMT,2023-04-05 10:45:00
135239,148.91,149.23,148.77,149.22,115965,WMT,2023-04-05 10:50:00
135240,149.25,149.3499,149.04,149.1,104124,WMT,2023-04-05 10:55:00
135241,149.0999,149.205,148.94,149.08,100603,WMT,2023-04-05 11:00:00
135242,149.06,149.085,148.83,148.88,59075,WMT,2023-04-05 11:05:00
135243,148.87,148.93,148.69,148.7,56607,WMT,2023-04-05 11:10:00
135244,148.71,148.88,148.68,148.87,96652,WMT,2023-04-05 11:15:00
135245,148.88,149.24,148.88,149.19,81990,WMT,2023-04-05 11:20:00
135246,149.18,149.31,149.17,149.195,78240,WMT,2023-04-05 11:25:00
135247,149.1813,149.1813,148.81,148.83,73129,WMT,2023-04-05 11:30:00
135248,148.83,149.15,148.83,149.09,55081,WMT,2023-04-05 11:35:00
135249,149.14,149.45,149.14,149.3933,104043,WMT,2023-04-05 11:40:00
135250,149.4,149.4,149.18,149.26,49783,WMT,2023-04-05 11:45:00
135251,149.2533,149.3265,149.18,149.21,67326,WMT,2023-04-05 11:50:00
135252,149.2024,149.29,149.11,149.29,51477,WMT,2023-04-05 11:55:00
135253,149.3,149.41,149.21,149.3941,45982,WMT,2023-04-05 12:00:00
135254,149.41,149.45,149.28,149.36,34780,WMT,2023-04-05 12:05:00
135255,149.37,149.405,149.25,149.32,44119,WMT,2023-04-05 12:10:00
135256,149.32,149.32,149.2,149.3001,36327,WMT,2023-04-05 12:15:00
135257,149.3,149.32,149.19,149.27,39566,WMT,2023-04-05 12:20:00
135258,149.27,149.35,149.22,149.315,34155,WMT,2023-04-05 12:25:00
135259,149.31,149.3542,149.19,149.29,43409,WMT,2023-04-05 12:30:00
135260,149.28,149.4,149.26,149.35,47101,WMT,2023-04-05 12:35:00
135261,149.345,149.36,149.26,149.26,139059,WMT,2023-04-05 12:40:00
135262,149.255,149.33,149.05,149.12,135235,WMT,2023-04-05 12:45:00
135263,149.13,149.145,148.99,149.02,64078,WMT,2023-04-05 12:50:00
135264,149.03,149.17,149.01,149.0821,32982,WMT,2023-04-05 12:55:00
135265,149.09,149.1,149.03,149.07,41209,WMT,2023-04-05 13:00:00
135266,149.075,149.29,149.03,149.27,54351,WMT,2023-04-05 13:05:00
135267,149.28,149.43,149.27,149.36,78408,WMT,2023-04-05 13:10:00
135268,149.35,149.47,149.29,149.38,50569,WMT,2023-04-05 13:15:00
135269,149.375,149.48,149.35,149.4,48860,WMT,2023-04-05 13:20:00
135270,149.4,149.49,149.29,149.405,52373,WMT,2023-04-05 13:25:00
135271,149.405,149.48,149.35,149.426,38154,WMT,2023-04-05 13:30:00
135272,149.43,149.455,149.3342,149.35,31375,WMT,2023-04-05 13:35:00
135273,149.35,149.49,149.329,149.49,57586,WMT,2023-04-05 13:40:00
135274,149.49,149.53,149.41,149.5,61675,WMT,2023-04-05 13:45:00
135275,149.495,149.52,149.44,149.51,44932,WMT,2023-04-05 13:50:00
135276,149.52,149.675,149.52,149.61,87106,WMT,2023-04-05 13:55:00
135277,149.62,149.79,149.62,149.785,66878,WMT,2023-04-05 14:00:00
135278,149.7856,149.88,149.755,149.76,75066,WMT,2023-04-05 14:05:00
135279,149.765,149.78,149.6078,149.61,44605,WMT,2023-04-05 14:10:00
135280,149.62,149.62,149.41,149.51,45019,WMT,2023-04-05 14:15:00
135281,149.505,149.61,149.5001,149.58,54283,WMT,2023-04-05 14:20:00
135282,149.58,149.61,149.535,149.57,50325,WMT,2023-04-05 14:25:00
135283,149.5744,149.6093,149.4247,149.5,47933,WMT,2023-04-05 14:30:00
135284,149.5,149.76,149.5,149.74,55873,WMT,2023-04-05 14:35:00
135285,149.74,149.78,149.6691,149.7719,42026,WMT,2023-04-05 14:40:00
135286,149.79,149.79,149.649,149.695,64979,WMT,2023-04-05 14:45:00
135287,149.7,149.8,149.64,149.78,103254,WMT,2023-04-05 14:50:00
135288,149.785,149.815,149.56,149.56,122310,WMT,2023-04-05 14:55:00
135289,149.56,149.75,149.56,149.735,55290,WMT,2023-04-05 15:00:00
135290,149.73,149.82,149.7258,149.785,76121,WMT,2023-04-05 15:05:00
135291,149.78,149.81,149.64,149.685,70279,WMT,2023-04-05 15:10:00
135292,149.685,149.71,149.58,149.7,68287,WMT,2023-04-05 15:15:00
135294,149.685,149.79,149.67,149.6757,85568,WMT,2023-04-05 15:25:00
135295,149.675,149.725,149.58,149.595,113923,WMT,2023-04-05 15:30:00
135296,149.59,149.595,149.495,149.549,112783,WMT,2023-04-05 15:35:00
135297,149.54,149.78,149.54,149.75,110336,WMT,2023-04-05 15:40:00
135298,149.75,149.85,149.69,149.81,120156,WMT,2023-04-05 15:45:00
135299,149.81,149.81,149.52,149.575,154787,WMT,2023-04-05 15:50:00
135300,149.58,149.63,149.41,149.455,250298,WMT,2023-04-05 15:55:00
135301,149.46,149.72,149.4301,149.68,528811,WMT,2023-04-05 16:00:00
135302,149.67,149.67,149.67,149.67,175801,WMT,2023-04-05 16:05:00
135303,149.68,149.68,149.67,149.67,25220,WMT,2023-04-05 16:10:00
135304,149.8,149.8,149.8,149.8,3693,WMT,2023-04-05 16:15:00
135305,149.8,149.8,149.0,149.0,4038,WMT,2023-04-05 16:20:00
135306,149.2,149.4,149.0,149.0,5103,WMT,2023-04-05 16:25:00
135307,149.0,149.01,148.82,148.98,3191,WMT,2023-04-05 16:30:00
135308,148.98,149.0,148.98,149.0,3158,WMT,2023-04-05 16:35:00
135309,149.0,149.0,149.0,149.0,2790,WMT,2023-04-05 16:40:00
135310,149.0,149.0,149.0,149.0,115,WMT,2023-04-05 16:45:00
135311,148.9,148.9,148.9,148.9,152,WMT,2023-04-05 16:50:00
135313,148.96,148.96,148.96,148.96,100,WMT,2023-04-05 17:05:00
135314,149.0,149.0,149.0,149.0,1461,WMT,2023-04-05 17:10:00
135315,148.99,149.0,148.99,149.0,5548,WMT,2023-04-05 17:15:00
135316,148.97,148.97,148.97,148.97,353,WMT,2023-04-05 17:20:00
135317,148.8973,148.8973,148.8973,148.8973,202,WMT,2023-04-05 17:40:00
135318,148.9004,149.0,148.9004,149.0,3112,WMT,2023-04-05 17:50:00
135319,148.8948,148.8948,148.8948,148.8948,100,WMT,2023-04-05 18:05:00
135320,149.0,149.0,148.99,149.0,2000,WMT,2023-04-05 18:30:00
135321,149.0,149.0,149.0,149.0,425,WMT,2023-04-05 18:55:00
135322,149.3,149.3,149.3,149.3,100,WMT,2023-04-05 19:45:00
135323,149.3,149.3,149.01,149.01,600,WMT,2023-04-05 20:00:00
135324,149.19,149.19,149.19,149.19,110,WMT,2023-04-06 06:25:00
135325,149.2,149.2,149.2,149.2,369,WMT,2023-04-06 06:35:00
135326,149.4,149.4,149.0,149.0,1997,WMT,2023-04-06 07:45:00
135328,149.0,149.0,149.0,149.0,550,WMT,2023-04-06 07:55:00
135329,149.0,149.0,149.0,149.0,2015,WMT,2023-04-06 08:00:00
135330,149.0017,149.31,149.0,149.0,2523,WMT,2023-04-06 08:05:00
135331,149.0,149.0,149.0,149.0,737,WMT,2023-04-06 08:10:00
135332,148.8,148.8,148.8,148.8,915,WMT,2023-04-06 08:15:00
135333,148.93,148.93,148.93,148.93,130,WMT,2023-04-06 08:20:00
135334,148.5068,148.5068,148.5,148.5,617,WMT,2023-04-06 08:30:00
135335,148.3099,148.3099,148.3099,148.3099,600,WMT,2023-04-06 08:35:00
135336,148.7,148.7,148.7,148.7,202,WMT,2023-04-06 08:50:00
135337,148.59,148.7,148.59,148.63,1093,WMT,2023-04-06 09:05:00
135338,148.63,148.63,148.52,148.52,1525,WMT,2023-04-06 09:10:00
135339,148.72,149.0,148.72,149.0,5375,WMT,2023-04-06 09:20:00
135341,149.0,149.0,148.98,149.0,9352,WMT,2023-04-06 09:30:00
135342,148.8,150.45,148.52,150.38,440635,WMT,2023-04-06 09:35:00
135343,150.37,150.66,149.74,150.0899,185959,WMT,2023-04-06 09:40:00
135345,149.89,150.23,149.8206,150.03,109782,WMT,2023-04-06 09:50:00
135347,149.76,149.89,149.62,149.68,73103,WMT,2023-04-06 10:00:00
135348,149.69,149.81,149.43,149.5,106887,WMT,2023-04-06 10:05:00
135349,149.5,149.58,149.31,149.445,75308,WMT,2023-04-06 10:10:00
135350,149.4401,149.6699,149.3,149.545,78167,WMT,2023-04-06 10:15:00
135351,149.545,149.57,149.29,149.53,66563,WMT,2023-04-06 10:20:00
135352,149.48,149.6538,149.46,149.62,66792,WMT,2023-04-06 10:25:00
135353,149.61,149.7,149.52,149.555,67680,WMT,2023-04-06 10:30:00
135354,149.57,149.84,149.5379,149.79,56179,WMT,2023-04-06 10:35:00
135355,149.785,149.815,149.68,149.79,60938,WMT,2023-04-06 10:40:00
135356,149.8,149.85,149.65,149.69,51081,WMT,2023-04-06 10:45:00
135357,149.69,149.98,149.69,149.87,66482,WMT,2023-04-06 10:50:00
135358,149.87,149.88,149.77,149.84,65841,WMT,2023-04-06 10:55:00
135359,149.84,149.925,149.78,149.88,46956,WMT,2023-04-06 11:00:00
135360,149.885,149.98,149.84,149.98,30343,WMT,2023-04-06 11:05:00
135361,149.97,150.14,149.97,150.09,47898,WMT,2023-04-06 11:10:00
135362,150.0825,150.0825,149.99,150.0,32981,WMT,2023-04-06 11:15:00
135363,150.0,150.06,149.95,150.06,31557,WMT,2023-04-06 11:20:00
135364,150.07,150.1,150.02,150.03,46689,WMT,2023-04-06 11:25:00
135365,150.02,150.21,149.99,150.21,53943,WMT,2023-04-06 11:30:00
135366,150.2,150.21,150.13,150.13,30950,WMT,2023-04-06 11:35:00
135367,150.13,150.18,150.095,150.1185,37911,WMT,2023-04-06 11:40:00
135368,150.12,150.25,150.12,150.235,63191,WMT,2023-04-06 11:45:00
135369,150.23,150.335,150.211,150.22,46013,WMT,2023-04-06 11:50:00
135370,150.21,150.3,150.17,150.215,43397,WMT,2023-04-06 11:55:00
135371,150.215,150.34,150.195,150.27,41351,WMT,2023-04-06 12:00:00
135372,150.28,150.42,150.28,150.41,47583,WMT,2023-04-06 12:05:00
135374,150.53,150.78,150.53,150.7485,97469,WMT,2023-04-06 12:15:00
135375,150.77,150.85,150.7001,150.79,89366,WMT,2023-04-06 12:20:00
135376,150.8,150.82,150.7201,150.79,45442,WMT,2023-04-06 12:25:00
135377,150.79,150.9,150.79,150.87,35765,WMT,2023-04-06 12:30:00
135378,150.87,150.8899,150.7522,150.76,53225,WMT,2023-04-06 12:35:00
135379,150.75,150.82,150.695,150.7,40749,WMT,2023-04-06 12:40:00
135380,150.7,150.7598,150.65,150.745,40533,WMT,2023-04-06 12:45:00
135381,150.75,150.88,150.73,150.83,37207,WMT,2023-04-06 12:50:00
135382,150.82,150.93,150.82,150.87,45377,WMT,2023-04-06 12:55:00
135383,150.865,150.88,150.78,150.86,36174,WMT,2023-04-06 13:00:00
135385,150.9015,150.965,150.88,150.96,43502,WMT,2023-04-06 13:10:00
135386,150.96,150.99,150.81,150.825,29676,WMT,2023-04-06 13:15:00
135387,150.83,150.875,150.69,150.71,42101,WMT,2023-04-06 13:20:00
135388,150.69,150.71,150.53,150.55,87260,WMT,2023-04-06 13:25:00
135389,150.56,150.6399,150.505,150.63,38318,WMT,2023-04-06 13:30:00
135390,150.64,150.655,150.47,150.47,55418,WMT,2023-04-06 13:35:00
135391,150.47,150.65,150.445,150.53,38035,WMT,2023-04-06 13:40:00
135392,150.535,150.54,150.49,150.495,22468,WMT,2023-04-06 13:45:00
135393,150.49,150.495,150.36,150.37,42639,WMT,2023-04-06 13:50:00
135394,150.37,150.39,150.31,150.355,44376,WMT,2023-04-06 13:55:00
135395,150.34,150.37,150.31,150.3113,30096,WMT,2023-04-06 14:00:00
135396,150.31,150.31,150.14,150.185,40652,WMT,2023-04-06 14:05:00
135397,150.19,150.3,150.19,150.2225,28930,WMT,2023-04-06 14:10:00
135398,150.23,150.335,150.22,150.3,53200,WMT,2023-04-06 14:15:00
135399,150.285,150.39,150.2736,150.37,25859,WMT,2023-04-06 14:20:00
135400,150.355,150.385,150.27,150.27,34991,WMT,2023-04-06 14:25:00
135401,150.28,150.305,150.26,150.2918,22900,WMT,2023-04-06 14:30:00
135402,150.3,150.3617,150.295,150.33,31696,WMT,2023-04-06 14:35:00
135403,150.3222,150.325,150.2,150.2,23243,WMT,2023-04-06 14:40:00
135404,150.205,150.24,150.1813,150.23,25139,WMT,2023-04-06 14:45:00
135405,150.23,150.25,150.195,150.25,27849,WMT,2023-04-06 14:50:00
135406,150.26,150.31,150.235,150.3,36562,WMT,2023-04-06 14:55:00
135407,150.31,150.37,150.2624,150.285,38559,WMT,2023-04-06 15:00:00
135408,150.28,150.365,150.27,150.27,52502,WMT,2023-04-06 15:05:00
135409,150.26,150.29,150.1501,150.24,46440,WMT,2023-04-06 15:10:00
135410,150.23,150.33,150.21,150.33,34205,WMT,2023-04-06 15:15:00
135411,150.31,150.35,150.29,150.3,44927,WMT,2023-04-06 15:20:00
135412,150.3,150.43,150.25,150.4,63709,WMT,2023-04-06 15:25:00
135413,150.41,150.43,150.335,150.395,80507,WMT,2023-04-06 15:30:00
135414,150.39,150.455,150.295,150.41,101091,WMT,2023-04-06 15:35:00
135415,150.41,150.47,150.365,150.43,57288,WMT,2023-04-06 15:40:00
135416,150.43,150.525,150.36,150.52,81739,WMT,2023-04-06 15:45:00
135417,150.52,150.66,150.45,150.66,110568,WMT,2023-04-06 15:50:00
135418,150.67,150.81,150.63,150.67,187337,WMT,2023-04-06 15:55:00
135419,150.67,150.85,150.64,150.8,307343,WMT,2023-04-06 16:00:00
135420,150.8,150.8,150.8,150.8,135928,WMT,2023-04-06 16:05:00
135421,150.8,150.8,150.3,150.3,9374,WMT,2023-04-06 16:10:00
135422,150.8,150.8,150.8,150.8,2730,WMT,2023-04-06 16:15:00
135423,150.8,150.8,150.8,150.8,367,WMT,2023-04-06 16:30:00
135424,150.7,150.7,150.6001,150.6001,404,WMT,2023-04-06 16:50:00
135425,150.898,150.898,150.898,150.898,108,WMT,2023-04-06 17:45:00
135426,150.99,150.99,150.99,150.99,100,WMT,2023-04-06 18:10:00
135427,150.8,150.8,150.8,150.8,100,WMT,2023-04-06 19:45:00
135428,150.7,150.7,150.7,150.7,856,WMT,2023-04-06 20:00:00
135430,150.2,151.1,150.2,151.1,470,WMT,2023-04-10 08:05:00
135433,150.36,150.9028,150.17,150.7717,170639,WMT,2023-04-10 09:35:00
135434,150.75,150.87,150.4,150.59,79609,WMT,2023-04-10 09:40:00
135435,150.61,150.635,150.23,150.3199,64490,WMT,2023-04-10 09:45:00
135436,150.32,150.37,149.94,150.06,74759,WMT,2023-04-10 09:50:00
135437,150.08,150.11,149.93,150.05,68245,WMT,2023-04-10 09:55:00
135438,150.05,150.05,149.79,149.83,120054,WMT,2023-04-10 10:00:00
135444,150.49,150.52,150.26,150.27,72524,WMT,2023-04-10 10:30:00
135445,150.29,150.39,150.185,150.315,46528,WMT,2023-04-10 10:35:00
135446,150.3113,150.3113,150.1,150.1,41687,WMT,2023-04-10 10:40:00
135448,150.17,150.35,150.15,150.29,92474,WMT,2023-04-10 10:50:00
135449,150.3,150.31,150.1135,150.19,45277,WMT,2023-04-10 10:55:00
135450,150.21,150.35,150.11,150.2556,94777,WMT,2023-04-10 11:00:00
135451,150.2501,150.43,150.22,150.3636,40441,WMT,2023-04-10 11:05:00
135452,150.38,150.57,150.38,150.48,36159,WMT,2023-04-10 11:10:00
135453,150.461,150.5401,150.39,150.54,37383,WMT,2023-04-10 11:15:00
135455,150.545,150.61,150.4444,150.46,40217,WMT,2023-04-10 11:25:00
135456,150.47,150.49,150.37,150.44,25440,WMT,2023-04-10 11:30:00
135457,150.46,150.51,150.44,150.49,33180,WMT,2023-04-10 11:35:00
135458,150.48,150.56,150.42,150.43,105284,WMT,2023-04-10 11:40:00
135461,150.305,150.37,150.2797,150.31,28798,WMT,2023-04-10 11:55:00
135462,150.31,150.33,150.17,150.22,35966,WMT,2023-04-10 12:00:00
135463,150.24,150.375,150.215,150.3569,38990,WMT,2023-04-10 12:05:00
135464,150.35,150.4,150.29,150.3234,36632,WMT,2023-04-10 12:10:00
135465,150.33,150.45,150.31,150.3701,39559,WMT,2023-04-10 12:15:00
135466,150.38,150.485,150.38,150.435,44368,WMT,2023-04-10 12:20:00
135468,150.62,150.8,150.61,150.8,36741,WMT,2023-04-10 12:30:00
135469,150.81,150.92,150.79,150.9177,30670,WMT,2023-04-10 12:35:00
135470,150.92,151.11,150.91,151.11,45142,WMT,2023-04-10 12:40:00
135471,151.1,151.1,150.93,150.95,28504,WMT,2023-04-10 12:45:00
135472,150.97,151.02,150.93,150.99,23501,WMT,2023-04-10 12:50:00
135473,150.98,151.09,150.98,151.05,23316,WMT,2023-04-10 12:55:00
135474,151.034,151.11,151.034,151.05,20310,WMT,2023-04-10 13:00:00
135475,151.05,151.1,150.99,151.005,24419,WMT,2023-04-10 13:05:00
135476,151.005,151.03,150.92,151.02,35369,WMT,2023-04-10 13:10:00
135477,151.035,151.1,151.013,151.03,27175,WMT,2023-04-10 13:15:00
135478,151.04,151.12,151.04,151.1,17696,WMT,2023-04-10 13:20:00
135479,151.08,151.1,150.98,150.99,21681,WMT,2023-04-10 13:25:00
135481,150.99,151.0434,150.915,150.99,29562,WMT,2023-04-10 13:35:00
135482,150.98,151.01,150.945,150.97,20474,WMT,2023-04-10 13:40:00
135483,150.98,151.0,150.92,150.995,25750,WMT,2023-04-10 13:45:00
135484,151.0,151.11,150.99,151.05,28895,WMT,2023-04-10 13:50:00
135485,151.04,151.115,151.0199,151.0508,19670,WMT,2023-04-10 13:55:00
135486,151.05,151.055,150.99,151.005,29024,WMT,2023-04-10 14:00:00
135487,151.01,151.01,150.84,150.87,35167,WMT,2023-04-10 14:05:00
135488,150.885,150.91,150.82,150.83,37459,WMT,2023-04-10 14:10:00
135489,150.83,150.98,150.815,150.89,25475,WMT,2023-04-10 14:15:00
135490,150.9,150.94,150.86,150.88,20738,WMT,2023-04-10 14:20:00
135491,150.89,150.9,150.7926,150.7926,27520,WMT,2023-04-10 14:25:00
135492,150.8,150.81,150.72,150.79,24924,WMT,2023-04-10 14:30:00
135493,150.8,150.84,150.69,150.71,31077,WMT,2023-04-10 14:35:00
135494,150.71,150.71,150.58,150.58,27540,WMT,2023-04-10 14:40:00
135495,150.57,150.57,150.4601,150.555,64201,WMT,2023-04-10 14:45:00
135497,150.6,150.71,150.6,150.62,29706,WMT,2023-04-10 14:55:00
135498,150.63,150.685,150.62,150.685,28953,WMT,2023-04-10 15:00:00
135500,150.75,150.79,150.71,150.75,82781,WMT,2023-04-10 15:10:00
135501,150.76,150.79,150.6878,150.69,49048,WMT,2023-04-10 15:15:00
135502,150.68,150.68,150.55,150.55,57988,WMT,2023-04-10 15:20:00
135504,150.53,150.55,150.39,150.41,45229,WMT,2023-04-10 15:30:00
135505,150.415,150.475,150.36,150.37,75291,WMT,2023-04-10 15:35:00
135506,150.36,150.45,150.3,150.45,60799,WMT,2023-04-10 15:40:00
135507,150.455,150.48,150.37,150.39,66368,WMT,2023-04-10 15:45:00
135508,150.3884,150.47,150.355,150.38,90168,WMT,2023-04-10 15:50:00
135509,150.39,150.415,150.28,150.295,130239,WMT,2023-04-10 15:55:00
135510,150.295,150.51,150.285,150.51,313821,WMT,2023-04-10 16:00:00
135511,150.51,150.51,150.51,150.51,161228,WMT,2023-04-10 16:05:00
135512,150.51,150.51,150.51,150.51,1239,WMT,2023-04-10 16:10:00
135515,150.59,150.59,150.59,150.59,100,WMT,2023-04-10 18:35:00
135516,150.66,150.66,150.66,150.66,200,WMT,2023-04-10 18:45:00
135517,151.03,151.03,151.03,151.03,1049,WMT,2023-04-11 06:10:00
135518,151.21,151.21,151.21,151.21,500,WMT,2023-04-11 06:45:00
135520,151.05,151.05,151.05,151.05,163,WMT,2023-04-11 07:10:00
135523,150.7301,150.7301,150.7301,150.7301,283,WMT,2023-04-11 08:05:00
135524,151.03,151.03,151.03,151.03,250,WMT,2023-04-11 08:35:00
135526,151.0,151.0,150.34,150.66,140963,WMT,2023-04-11 09:35:00
135527,150.63,150.6639,150.47,150.5,42562,WMT,2023-04-11 09:40:00
135528,150.5,150.8,150.36,150.65,67695,WMT,2023-04-11 09:45:00
135530,150.4467,150.6225,150.4467,150.46,67130,WMT,2023-04-11 09:55:00
135536,150.49,150.51,150.3,150.33,51364,WMT,2023-04-11 10:25:00
135538,150.34,150.37,150.22,150.29,108666,WMT,2023-04-11 10:35:00
135541,150.41,150.5,150.32,150.45,107144,WMT,2023-04-11 10:50:00
135542,150.46,150.64,150.34,150.62,82289,WMT,2023-04-11 10:55:00
135543,150.615,150.82,150.615,150.78,116703,WMT,2023-04-11 11:00:00
135548,150.73,150.8799,150.72,150.8799,46521,WMT,2023-04-11 11:25:00
135549,150.88,150.9,150.81,150.83,51115,WMT,2023-04-11 11:30:00
135550,150.85,150.865,150.68,150.69,33623,WMT,2023-04-11 11:35:00
135551,150.67,150.7,150.5549,150.63,30629,WMT,2023-04-11 11:40:00
135554,150.34,150.385,150.25,150.295,52915,WMT,2023-04-11 11:55:00
135555,150.295,150.34,150.222,150.23,62474,WMT,2023-04-11 12:00:00
135556,150.24,150.26,150.06,150.07,57246,WMT,2023-04-11 12:05:00
135559,149.72,150.1399,149.72,150.0228,82445,WMT,2023-04-11 12:20:00
135560,150.04,150.27,150.04,150.21,159419,WMT,2023-04-11 12:25:00
135561,150.215,150.23,150.07,150.19,82969,WMT,2023-04-11 12:30:00
135562,150.2,150.3,150.2,150.29,30190,WMT,2023-04-11 12:35:00
135564,150.21,150.27,150.15,150.255,31987,WMT,2023-04-11 12:45:00
135565,150.25,150.34,150.22,150.29,26944,WMT,2023-04-11 12:50:00
135567,150.28,150.35,150.25,150.335,23506,WMT,2023-04-11 13:00:00
135568,150.33,150.38,150.24,150.26,28908,WMT,2023-04-11 13:05:00
135569,150.27,150.46,150.27,150.4,76609,WMT,2023-04-11 13:10:00
135570,150.4,150.43,150.345,150.375,44330,WMT,2023-04-11 13:15:00
135571,150.375,150.41,150.26,150.3514,46148,WMT,2023-04-11 13:20:00
135572,150.355,150.455,150.34,150.395,42010,WMT,2023-04-11 13:25:00
135573,150.395,150.55,150.39,150.535,32675,WMT,2023-04-11 13:30:00
135574,150.54,150.58,150.45,150.49,40045,WMT,2023-04-11 13:35:00
135575,150.49,150.56,150.42,150.56,27342,WMT,2023-04-11 13:40:00
135576,150.59,150.59,150.52,150.52,38826,WMT,2023-04-11 13:45:00
135577,150.52,150.54,150.48,150.535,63642,WMT,2023-04-11 13:50:00
135578,150.535,150.54,150.31,150.345,30602,WMT,2023-04-11 13:55:00
135579,150.35,150.3914,150.31,150.38,31381,WMT,2023-04-11 14:00:00
135580,150.38,150.4,150.27,150.29,30860,WMT,2023-04-11 14:05:00
135581,150.29,150.31,150.24,150.265,31566,WMT,2023-04-11 14:10:00
135582,150.26,150.31,150.22,150.3001,60750,WMT,2023-04-11 14:15:00
135583,150.31,150.435,150.31,150.435,54610,WMT,2023-04-11 14:20:00
135584,150.44,150.45,150.36,150.43,36227,WMT,2023-04-11 14:25:00
135585,150.45,150.47,150.41,150.465,27447,WMT,2023-04-11 14:30:00
135586,150.47,150.495,150.44,150.44,35372,WMT,2023-04-11 14:35:00
135588,150.44,150.46,150.39,150.44,34913,WMT,2023-04-11 14:45:00
135589,150.445,150.46,150.4,150.4,32191,WMT,2023-04-11 14:50:00
135590,150.4107,150.4107,150.365,150.385,42569,WMT,2023-04-11 14:55:00
135591,150.385,150.42,150.365,150.38,47836,WMT,2023-04-11 15:00:00
135592,150.375,150.42,150.37,150.405,94041,WMT,2023-04-11 15:05:00
135593,150.405,150.405,150.25,150.3005,93269,WMT,2023-04-11 15:10:00
135594,150.32,150.34,150.26,150.33,65492,WMT,2023-04-11 15:15:00
135595,150.325,150.4,150.305,150.39,91003,WMT,2023-04-11 15:20:00
135596,150.39,150.47,150.35,150.36,108773,WMT,2023-04-11 15:25:00
135597,150.35,150.38,150.29,150.33,69824,WMT,2023-04-11 15:30:00
135598,150.33,150.37,150.24,150.325,63531,WMT,2023-04-11 15:35:00
135599,150.33,150.36,150.28,150.32,106916,WMT,2023-04-11 15:40:00
135600,150.32,150.39,150.08,150.12,253645,WMT,2023-04-11 15:45:00
135601,150.12,150.155,150.01,150.045,102379,WMT,2023-04-11 15:50:00
135602,150.04,150.12,150.0,150.06,169998,WMT,2023-04-11 15:55:00
135603,150.07,150.08,149.955,150.07,326736,WMT,2023-04-11 16:00:00
135604,150.07,150.1333,150.07,150.11,223165,WMT,2023-04-11 16:05:00
135605,150.07,150.07,150.07,150.07,20982,WMT,2023-04-11 16:10:00
135606,150.07,150.07,150.07,150.07,2367,WMT,2023-04-11 16:15:00
135607,150.07,150.07,150.07,150.07,145,WMT,2023-04-11 16:55:00
135608,150.08,150.08,150.08,150.08,484,WMT,2023-04-11 17:05:00
135609,150.08,150.08,150.08,150.08,195,WMT,2023-04-11 17:10:00
135610,150.07,150.07,150.07,150.07,150,WMT,2023-04-11 17:30:00
135611,150.15,150.15,150.15,150.15,100,WMT,2023-04-11 17:35:00
135612,150.1,150.1,150.1,150.1,220,WMT,2023-04-11 19:35:00
135613,150.1,150.1,150.1,150.1,220,WMT,2023-04-11 19:35:00
