,open,high,low,close,volume,Ticker,timestamp,sentiment_score
135007,147.44,147.45,147.44,147.45,756,WMT,2023-04-03 04:55:00,0.9970459342002866
135008,147.33,147.33,147.01,147.01,1989,WMT,2023-04-03 06:05:00,0.9385341703891754
135009,146.78,146.78,146.78,146.78,370,WMT,2023-04-03 07:05:00,0.9903512795766195
135011,147.0,147.0019,147.0,147.0019,339,WMT,2023-04-03 08:05:00,0.99114191532135
135012,147.5,147.5,147.45,147.45,1086,WMT,2023-04-03 08:25:00,0.999026894569397
135014,147.265,147.265,147.265,147.265,200,WMT,2023-04-03 09:00:00,0.9864206314086914
135015,147.6,147.6,147.6,147.6,107,WMT,2023-04-03 09:20:00,0.973105251789093
135017,147.73,147.99,147.5,147.95,214158,WMT,2023-04-03 09:35:00,0.9979810416698456
135018,147.95,148.08,147.9,147.97,88985,WMT,2023-04-03 09:40:00,0.998721718788147
135019,147.99,148.215,147.94,147.985,80522,WMT,2023-04-03 09:45:00,0.9891882340113324
135021,148.07,148.3223,147.99,148.26,95616,WMT,2023-04-03 09:55:00,0.9970459342002868
135022,148.25,148.38,148.16,148.21,113535,WMT,2023-04-03 10:00:00,0.9906427264213562
135023,148.22,148.38,148.16,148.245,71321,WMT,2023-04-03 10:05:00,0.995861679315567
135025,148.73,148.82,148.56,148.74,78766,WMT,2023-04-03 10:15:00,0.9409652948379517
135026,148.731,148.84,148.69,148.69,65630,WMT,2023-04-03 10:20:00,0.9906384944915771
135027,148.68,148.924,148.651,148.845,69775,WMT,2023-04-03 10:25:00,0.970427393913269
135028,148.85,148.94,148.79,148.91,46517,WMT,2023-04-03 10:30:00,0.9926013350486755
135029,148.92,148.95,148.71,148.77,65877,WMT,2023-04-03 10:35:00,0.998127281665802
135030,148.78,148.87,148.64,148.66,75134,WMT,2023-04-03 10:40:00,0.9953958094120026
135031,148.66,148.79,148.59,148.62,77367,WMT,2023-04-03 10:45:00,0.9982693493366241
135032,148.625,148.71,148.54,148.58,65047,WMT,2023-04-03 10:50:00,0.9970459342002868
135033,148.57,148.68,148.46,148.67,65041,WMT,2023-04-03 10:55:00,0.8661839962005615
135036,148.43,148.47,148.24,148.38,128936,WMT,2023-04-03 11:10:00,0.9974063833554586
135039,148.35,148.54,148.32,148.51,62035,WMT,2023-04-03 11:25:00,0.9974769055843353
135040,148.52,148.67,148.51,148.66,59384,WMT,2023-04-03 11:30:00,0.9975866079330444
135041,148.6599,148.79,148.57,148.77,68280,WMT,2023-04-03 11:35:00,0.9936013420422872
135042,148.76,148.845,148.67,148.684,59036,WMT,2023-04-03 11:40:00,0.9877677559852599
135043,148.69,148.81,148.63,148.77,49870,WMT,2023-04-03 11:45:00,0.9913352727890015
135044,148.78,148.8,148.61,148.61,45799,WMT,2023-04-03 11:50:00,0.9975866079330444
135045,148.62,148.6599,148.51,148.53,34416,WMT,2023-04-03 11:55:00,0.9896430373191833
135046,148.53,148.63,148.5,148.61,38119,WMT,2023-04-03 12:00:00,0.989727109670639
135047,148.61,148.61,148.505,148.55,29550,WMT,2023-04-03 12:05:00,0.9971588551998138
135048,148.56,148.575,148.37,148.46,35622,WMT,2023-04-03 12:10:00,0.9620729684829712
135049,148.45,148.46,148.37,148.425,31702,WMT,2023-04-03 12:15:00,0.8942448049783707
135050,148.425,148.47,148.36,148.46,46400,WMT,2023-04-03 12:20:00,0.9952694177627563
135051,148.475,148.475,148.38,148.38,38353,WMT,2023-04-03 12:25:00,0.9880761702855428
135052,148.38,148.4,148.33,148.33,31651,WMT,2023-04-03 12:30:00,0.9793534874916077
135053,148.325,148.33,148.26,148.3,30451,WMT,2023-04-03 12:35:00,0.9962968528270721
135054,148.31,148.31,148.25,148.26,38276,WMT,2023-04-03 12:40:00,0.9976842800776163
135055,148.26,148.285,148.18,148.2,41121,WMT,2023-04-03 12:45:00,0.998127281665802
135056,148.205,148.34,148.2,148.315,30674,WMT,2023-04-03 12:50:00,0.9489534695943197
135057,148.32,148.47,148.31,148.435,42685,WMT,2023-04-03 12:55:00,0.9532172083854676
135058,148.44,148.51,148.42,148.47,40998,WMT,2023-04-03 13:00:00,0.988327756524086
135059,148.47,148.47,148.29,148.37,24430,WMT,2023-04-03 13:05:00,0.9976237714290619
135060,148.38,148.47,148.371,148.47,24499,WMT,2023-04-03 13:10:00,0.9970459342002868
135061,148.49,148.59,148.48,148.57,29958,WMT,2023-04-03 13:15:00,0.9790857235590616
135062,148.57,148.61,148.4743,148.51,39379,WMT,2023-04-03 13:20:00,0.9955050200223923
135063,148.515,148.515,148.4,148.49,29814,WMT,2023-04-03 13:25:00,0.9948068261146544
135064,148.5,148.525,148.39,148.405,31787,WMT,2023-04-03 13:30:00,0.9816685318946838
135065,148.39,148.43,148.38,148.41,27132,WMT,2023-04-03 13:35:00,0.9971902668476104
135066,148.4,148.51,148.38,148.51,37558,WMT,2023-04-03 13:40:00,0.9969939589500427
135067,148.5139,148.52,148.41,148.415,30678,WMT,2023-04-03 13:45:00,0.9498342275619507
135069,148.355,148.44,148.335,148.44,28165,WMT,2023-04-03 13:55:00,0.9970459342002868
135070,148.44,148.45,148.37,148.435,50720,WMT,2023-04-03 14:00:00,0.9974065721035004
135071,148.43,148.52,148.37,148.39,58879,WMT,2023-04-03 14:05:00,0.9892761409282684
135072,148.385,148.54,148.385,148.46,33521,WMT,2023-04-03 14:10:00,0.8003235310316086
135073,148.465,148.55,148.4225,148.54,47091,WMT,2023-04-03 14:15:00,0.998094767332077
135074,148.53,148.55,148.43,148.455,49701,WMT,2023-04-03 14:20:00,0.9965521991252899
135075,148.4518,148.64,148.39,148.625,61236,WMT,2023-04-03 14:25:00,0.9725417494773864
135076,148.62,148.73,148.57,148.72,59219,WMT,2023-04-03 14:30:00,0.9794503053029379
135077,148.7,148.88,148.64,148.82,47193,WMT,2023-04-03 14:35:00,0.9978316724300385
135078,148.82,148.84,148.72,148.79,50414,WMT,2023-04-03 14:40:00,0.998127281665802
135079,148.8,148.85,148.76,148.8,38032,WMT,2023-04-03 14:45:00,0.978165735801061
135080,148.81,148.845,148.76,148.77,32135,WMT,2023-04-03 14:50:00,0.993186871210734
135081,148.76,148.87,148.672,148.74,56122,WMT,2023-04-03 14:55:00,0.9746645291646322
135083,148.78,148.79,148.66,148.68,53592,WMT,2023-04-03 15:05:00,0.9963155388832092
135084,148.665,148.755,148.58,148.58,38009,WMT,2023-04-03 15:10:00,0.9899809956550598
135085,148.59,148.625,148.52,148.625,57340,WMT,2023-04-03 15:15:00,0.9840440154075624
135087,148.555,148.68,148.54,148.63,56470,WMT,2023-04-03 15:25:00,0.9786985158920288
135088,148.63,148.78,148.63,148.73,62437,WMT,2023-04-03 15:30:00,0.9613003134727478
135089,148.73,148.77,148.67,148.69,72861,WMT,2023-04-03 15:35:00,0.9786196053028107
135090,148.68,148.77,148.64,148.6508,89331,WMT,2023-04-03 15:40:00,0.9940580874681473
135091,148.655,148.67,148.54,148.625,114214,WMT,2023-04-03 15:45:00,0.9852015574773153
135092,148.63,148.73,148.615,148.63,103825,WMT,2023-04-03 15:50:00,0.9941249191761016
135093,148.63,148.65,148.52,148.615,185807,WMT,2023-04-03 15:55:00,0.9946405142545701
135095,148.69,148.69,148.5,148.69,351598,WMT,2023-04-03 16:05:00,0.9509015281995138
135096,148.69,148.69,148.69,148.69,6920,WMT,2023-04-03 16:10:00,0.9818062484264374
135097,148.69,148.69,148.69,148.69,3019,WMT,2023-04-03 16:15:00,0.9876280029614767
135098,148.55,148.55,148.55,148.55,100,WMT,2023-04-03 16:20:00,0.9978013634681702
135099,148.55,148.55,148.55,148.55,200,WMT,2023-04-03 17:00:00,0.9725280404090881
135101,148.58,148.58,148.58,148.58,493,WMT,2023-04-03 17:50:00,0.9913192391395569
135102,148.66,148.66,148.66,148.66,100,WMT,2023-04-03 18:35:00,0.9721264441808065
135104,148.6,148.6,148.57,148.57,394,WMT,2023-04-03 19:10:00,0.9789719223976135
135105,148.57,148.57,148.57,148.57,500,WMT,2023-04-03 19:55:00,0.9562100768089294
135106,148.68,148.68,148.68,148.68,187,WMT,2023-04-04 07:10:00,0.9904789328575134
135108,148.85,148.85,148.85,148.85,100,WMT,2023-04-04 08:50:00,0.997222661972046
135110,148.58,148.58,148.58,148.58,435,WMT,2023-04-04 09:30:00,0.9887025356292723
135111,148.53,148.79,148.18,148.54,273317,WMT,2023-04-04 09:35:00,0.9976555109024048
135113,148.41,148.41,147.89,147.98,149959,WMT,2023-04-04 09:45:00,0.9958955645561218
135114,147.99,148.3,147.9,148.07,84845,WMT,2023-04-04 09:50:00,0.9981887936592102
135115,148.06,148.46,148.015,148.46,63667,WMT,2023-04-04 09:55:00,0.9865992963314056
135116,148.44,148.48,148.3,148.385,31227,WMT,2023-04-04 10:00:00,0.9863324165344238
135119,148.26,148.33,148.1,148.16,56690,WMT,2023-04-04 10:15:00,0.9949461817741394
135121,148.15,148.2,148.0,148.18,60427,WMT,2023-04-04 10:25:00,0.9906988739967346
135122,148.19,148.21,148.04,148.08,59151,WMT,2023-04-04 10:30:00,0.9264808694521586
135123,148.09,148.5,148.09,148.41,88230,WMT,2023-04-04 10:35:00,0.9981622099876404
135124,148.41,148.42,148.22,148.22,52228,WMT,2023-04-04 10:40:00,0.8851461261510849
135128,148.11,148.11,147.92,147.92,58695,WMT,2023-04-04 11:00:00,0.9979745149612427
135129,147.91,147.99,147.8,147.91,52729,WMT,2023-04-04 11:05:00,0.9697572588920592
135130,147.8998,147.91,147.75,147.8,45431,WMT,2023-04-04 11:10:00,0.9993904829025269
135132,147.69,147.69,147.51,147.57,60247,WMT,2023-04-04 11:20:00,0.9971051812171936
135133,147.56,147.61,147.51,147.54,39778,WMT,2023-04-04 11:25:00,0.9962431490421295
135134,147.56,147.57,147.44,147.49,66726,WMT,2023-04-04 11:30:00,0.9981016516685486
135136,147.44,147.65,147.435,147.61,27677,WMT,2023-04-04 11:40:00,0.9734640916188558
135137,147.6,147.79,147.59,147.77,34859,WMT,2023-04-04 11:45:00,0.9916417598724364
135138,147.76,147.84,147.71,147.71,35554,WMT,2023-04-04 11:50:00,0.9967764616012573
135139,147.69,147.78,147.63,147.745,27263,WMT,2023-04-04 11:55:00,0.945780615011851
135140,147.74,147.75,147.5,147.54,33962,WMT,2023-04-04 12:00:00,0.7953196167945862
135141,147.54,147.64,147.53,147.62,28444,WMT,2023-04-04 12:05:00,0.9984644055366516
135142,147.63,147.68,147.42,147.43,47918,WMT,2023-04-04 12:10:00,0.9959665983915329
135143,147.43,147.45,147.21,147.2597,59040,WMT,2023-04-04 12:15:00,0.9960567951202393
135144,147.26,147.33,147.22,147.22,35474,WMT,2023-04-04 12:20:00,0.9958648800849914
135145,147.205,147.25,147.1,147.18,53124,WMT,2023-04-04 12:25:00,0.9983576238155365
135147,147.34,147.38,147.29,147.29,28849,WMT,2023-04-04 12:35:00,0.9771915972232819
135148,147.29,147.32,147.2,147.22,38712,WMT,2023-04-04 12:40:00,0.9953633844852448
135149,147.22,147.44,147.21,147.4294,42189,WMT,2023-04-04 12:45:00,0.9964988827705383
135150,147.43,147.51,147.37,147.475,36868,WMT,2023-04-04 12:50:00,0.996429443359375
135151,147.47,147.48,147.36,147.39,30607,WMT,2023-04-04 12:55:00,0.9951009750366211
135152,147.385,147.43,147.34,147.355,36170,WMT,2023-04-04 13:00:00,0.9978057742118835
135154,147.2987,147.44,147.26,147.31,39092,WMT,2023-04-04 13:10:00,0.995758593082428
135156,147.31,147.5,147.305,147.47,38900,WMT,2023-04-04 13:20:00,0.9981447656949362
135157,147.46,147.5,147.39,147.5,30389,WMT,2023-04-04 13:25:00,0.9287480115890504
135159,147.435,147.435,147.25,147.25,70861,WMT,2023-04-04 13:35:00,0.9843078851699829
135160,147.255,147.33,147.24,147.325,68657,WMT,2023-04-04 13:40:00,0.9854577481746674
135161,147.325,147.345,147.17,147.185,51778,WMT,2023-04-04 13:45:00,0.9802589019139608
135162,147.18,147.18,147.02,147.14,46303,WMT,2023-04-04 13:50:00,0.9418567717075348
135165,147.09,147.14,147.075,147.12,31523,WMT,2023-04-04 14:05:00,0.9972040355205536
135166,147.13,147.25,147.13,147.14,54530,WMT,2023-04-04 14:10:00,0.9936261624097824
135167,147.15,147.2824,147.145,147.24,37850,WMT,2023-04-04 14:15:00,0.9923679828643799
135169,147.19,147.255,147.18,147.19,39543,WMT,2023-04-04 14:25:00,0.9767263531684875
135170,147.19,147.27,147.185,147.21,47170,WMT,2023-04-04 14:30:00,0.9956781148910523
135171,147.2,147.25,147.15,147.19,49551,WMT,2023-04-04 14:35:00,0.9741987213492393
135172,147.19,147.23,147.12,147.18,35414,WMT,2023-04-04 14:40:00,0.8667562206586202
135173,147.18,147.18,147.095,147.14,39824,WMT,2023-04-04 14:45:00,0.9904537677764893
135174,147.1417,147.1417,147.03,147.05,33398,WMT,2023-04-04 14:50:00,0.9896377325057985
135176,147.1,147.22,147.05,147.175,72049,WMT,2023-04-04 15:00:00,0.996737003326416
135177,147.17,147.33,147.125,147.31,39769,WMT,2023-04-04 15:05:00,0.9917568922042846
135178,147.3,147.32,147.19,147.23,48716,WMT,2023-04-04 15:10:00,0.9973943829536438
135179,147.2399,147.29,147.12,147.18,62132,WMT,2023-04-04 15:15:00,0.9949464400609335
135180,147.19,147.29,147.175,147.275,56432,WMT,2023-04-04 15:20:00,0.9872994720935822
135181,147.28,147.4,147.27,147.325,68223,WMT,2023-04-04 15:25:00,0.9992296695709229
135183,147.23,147.25,147.145,147.18,60673,WMT,2023-04-04 15:35:00,0.9954416354497274
135185,147.195,147.235,147.16,147.16,83449,WMT,2023-04-04 15:45:00,0.9896165132522584
135186,147.165,147.17,147.03,147.03,98410,WMT,2023-04-04 15:50:00,0.9896345138549805
135187,147.03,147.27,147.025,147.255,147797,WMT,2023-04-04 15:55:00,0.9967923760414124
135188,147.255,147.295,147.06,147.24,416745,WMT,2023-04-04 16:00:00,0.967698891957601
135189,147.23,147.23,147.23,147.23,189908,WMT,2023-04-04 16:05:00,0.9980837532452175
135190,147.23,147.23,147.23,147.23,8738,WMT,2023-04-04 16:10:00,0.9927260428667068
135191,147.23,147.23,147.23,147.23,2932,WMT,2023-04-04 16:15:00,0.988920783996582
135192,147.34,147.41,144.69,144.74,76158,WMT,2023-04-04 16:30:00,0.9885986566543579
135193,144.29,145.9,144.29,145.9,18070,WMT,2023-04-04 16:35:00,0.9918609410524368
135194,145.62,147.25,145.62,146.45,21389,WMT,2023-04-04 16:40:00,0.9943104783693949
135195,146.58,146.65,146.58,146.65,719,WMT,2023-04-04 16:45:00,0.8363795399665832
135196,146.01,146.5,146.01,146.01,1925,WMT,2023-04-04 16:50:00,0.9950502117474875
135197,146.5,146.74,146.5,146.5,1292,WMT,2023-04-04 16:55:00,0.9946146905422211
135198,146.6,146.6,146.0,146.19,6576,WMT,2023-04-04 17:00:00,0.9961861610412598
135199,146.2,146.2,146.2,146.2,100,WMT,2023-04-04 17:05:00,0.9969851613044739
135200,146.0568,146.0568,146.0568,146.0568,100,WMT,2023-04-04 17:45:00,0.9872750163078308
135201,146.35,146.35,146.35,146.35,960,WMT,2023-04-04 18:30:00,0.9669125278790792
135202,146.45,146.45,146.45,146.45,300,WMT,2023-04-04 18:55:00,0.9962848126888276
135203,146.4,146.4,146.39,146.39,1227,WMT,2023-04-04 19:50:00,0.990342915058136
135204,146.47,146.48,146.47,146.48,838,WMT,2023-04-04 19:55:00,0.997712016105652
135205,146.3,146.48,146.3,146.48,1703,WMT,2023-04-04 20:00:00,0.9950560331344604
135206,146.8,146.8,146.8,146.8,240,WMT,2023-04-05 06:55:00,0.9742923974990844
135207,146.5,146.8,146.4,146.8,847,WMT,2023-04-05 07:05:00,0.9981303215026855
135208,146.75,146.75,146.75,146.75,208517,WMT,2023-04-05 08:05:00,0.9799814224243164
135209,146.8,146.8,146.8,146.8,200,WMT,2023-04-05 08:10:00,0.9631446301937103
135210,146.87,146.87,146.87,146.87,270,WMT,2023-04-05 08:15:00,0.9294712543487548
135213,146.99,147.0,146.99,147.0,709,WMT,2023-04-05 08:30:00,0.992493748664856
135214,146.7,146.98,146.7,146.98,300,WMT,2023-04-05 08:35:00,0.993358552455902
135215,146.85,146.85,146.7,146.7,2702,WMT,2023-04-05 08:40:00,0.993358552455902
135216,146.8,146.98,146.8,146.98,1676,WMT,2023-04-05 08:45:00,0.9971400201320648
135217,146.98,146.98,146.98,146.98,549,WMT,2023-04-05 08:50:00,0.993358552455902
135218,146.98,146.98,146.98,146.98,1208,WMT,2023-04-05 08:55:00,0.9977241158485413
135219,146.98,146.98,146.98,146.98,1843,WMT,2023-04-05 09:10:00,0.9754709402720133
135220,147.0,147.23,147.0,147.0,1750,WMT,2023-04-05 09:15:00,0.9916369318962096
135221,147.23,147.23,147.23,147.23,500,WMT,2023-04-05 09:20:00,0.9768744111061096
135222,147.23,147.23,147.2,147.2,6291,WMT,2023-04-05 09:25:00,0.981487274169922
135223,147.13,147.23,146.98,147.12,5021,WMT,2023-04-05 09:30:00,0.9989475607872008
135224,147.17,148.49,147.14,148.16,353819,WMT,2023-04-05 09:35:00,0.9990426003932953
135225,148.1613,148.71,148.1176,148.71,117918,WMT,2023-04-05 09:40:00,0.9377440333366394
135226,148.69,149.069,148.61,148.86,250312,WMT,2023-04-05 09:45:00,0.9784043530623118
135227,148.895,148.9,148.45,148.71,137027,WMT,2023-04-05 09:50:00,0.9525787234306335
135229,148.605,149.15,148.48,149.1,96406,WMT,2023-04-05 10:00:00,0.9936919212341307
135231,149.255,149.59,149.2236,149.57,180379,WMT,2023-04-05 10:10:00,0.9869649410247804
135232,149.565,149.59,149.16,149.37,158585,WMT,2023-04-05 10:15:00,0.9811904430389404
135233,149.34,149.44,148.9,149.2099,109917,WMT,2023-04-05 10:20:00,0.9788179397583008
135236,149.15,149.23,148.88,149.0,71329,WMT,2023-04-05 10:35:00,0.9970748424530028
135237,149.015,149.015,148.61,148.69,112602,WMT,2023-04-05 10:40:00,0.9960587322711945
135238,148.7,149.0,148.695,148.925,80427,WMT,2023-04-05 10:45:00,0.9823752442995707
135239,148.91,149.23,148.77,149.22,115965,WMT,2023-04-05 10:50:00,0.7671353220939636
135240,149.25,149.3499,149.04,149.1,104124,WMT,2023-04-05 10:55:00,0.9726201891899108
135241,149.0999,149.205,148.94,149.08,100603,WMT,2023-04-05 11:00:00,0.9906411409378052
135242,149.06,149.085,148.83,148.88,59075,WMT,2023-04-05 11:05:00,0.9973685145378113
135243,148.87,148.93,148.69,148.7,56607,WMT,2023-04-05 11:10:00,0.9855674184285678
135244,148.71,148.88,148.68,148.87,96652,WMT,2023-04-05 11:15:00,0.9915990754961967
135245,148.88,149.24,148.88,149.19,81990,WMT,2023-04-05 11:20:00,0.9892066270112991
135246,149.18,149.31,149.17,149.195,78240,WMT,2023-04-05 11:25:00,0.9930334985256195
135247,149.1813,149.1813,148.81,148.83,73129,WMT,2023-04-05 11:30:00,0.992469534277916
135248,148.83,149.15,148.83,149.09,55081,WMT,2023-04-05 11:35:00,0.9471053034067154
135249,149.14,149.45,149.14,149.3933,104043,WMT,2023-04-05 11:40:00,0.9756730794906616
135250,149.4,149.4,149.18,149.26,49783,WMT,2023-04-05 11:45:00,0.9134412805239359
135251,149.2533,149.3265,149.18,149.21,67326,WMT,2023-04-05 11:50:00,0.8589873909950256
135252,149.2024,149.29,149.11,149.29,51477,WMT,2023-04-05 11:55:00,0.9866310358047485
135253,149.3,149.41,149.21,149.3941,45982,WMT,2023-04-05 12:00:00,0.9497679591178894
135254,149.41,149.45,149.28,149.36,34780,WMT,2023-04-05 12:05:00,0.9886951148509979
135255,149.37,149.405,149.25,149.32,44119,WMT,2023-04-05 12:10:00,0.9773333867390951
135256,149.32,149.32,149.2,149.3001,36327,WMT,2023-04-05 12:15:00,0.993339459101359
135257,149.3,149.32,149.19,149.27,39566,WMT,2023-04-05 12:20:00,0.9925756851832072
135258,149.27,149.35,149.22,149.315,34155,WMT,2023-04-05 12:25:00,0.9905648231506348
135259,149.31,149.3542,149.19,149.29,43409,WMT,2023-04-05 12:30:00,0.9538835201944623
135260,149.28,149.4,149.26,149.35,47101,WMT,2023-04-05 12:35:00,0.9533318546083238
135261,149.345,149.36,149.26,149.26,139059,WMT,2023-04-05 12:40:00,0.9931464791297913
135262,149.255,149.33,149.05,149.12,135235,WMT,2023-04-05 12:45:00,0.9779673914114634
135263,149.13,149.145,148.99,149.02,64078,WMT,2023-04-05 12:50:00,0.9785060882568359
135264,149.03,149.17,149.01,149.0821,32982,WMT,2023-04-05 12:55:00,0.9933895667394003
135265,149.09,149.1,149.03,149.07,41209,WMT,2023-04-05 13:00:00,0.9921660678727287
135266,149.075,149.29,149.03,149.27,54351,WMT,2023-04-05 13:05:00,0.9930495619773865
135267,149.28,149.43,149.27,149.36,78408,WMT,2023-04-05 13:10:00,0.9937280535697937
135268,149.35,149.47,149.29,149.38,50569,WMT,2023-04-05 13:15:00,0.9897600497518267
135269,149.375,149.48,149.35,149.4,48860,WMT,2023-04-05 13:20:00,0.9937302470207214
135270,149.4,149.49,149.29,149.405,52373,WMT,2023-04-05 13:25:00,0.9948676228523254
135271,149.405,149.48,149.35,149.426,38154,WMT,2023-04-05 13:30:00,0.9942351281642914
135272,149.43,149.455,149.3342,149.35,31375,WMT,2023-04-05 13:35:00,0.9694382813241746
135273,149.35,149.49,149.329,149.49,57586,WMT,2023-04-05 13:40:00,0.9419253203603957
135274,149.49,149.53,149.41,149.5,61675,WMT,2023-04-05 13:45:00,0.995428490638733
135275,149.495,149.52,149.44,149.51,44932,WMT,2023-04-05 13:50:00,0.9786846339702606
135276,149.52,149.675,149.52,149.61,87106,WMT,2023-04-05 13:55:00,0.9879495700200399
135277,149.62,149.79,149.62,149.785,66878,WMT,2023-04-05 14:00:00,0.9934380650520325
135278,149.7856,149.88,149.755,149.76,75066,WMT,2023-04-05 14:05:00,0.9939805406790513
135279,149.765,149.78,149.6078,149.61,44605,WMT,2023-04-05 14:10:00,0.9422717690467834
135280,149.62,149.62,149.41,149.51,45019,WMT,2023-04-05 14:15:00,0.9799151079995293
135281,149.505,149.61,149.5001,149.58,54283,WMT,2023-04-05 14:20:00,0.9797428846359253
135282,149.58,149.61,149.535,149.57,50325,WMT,2023-04-05 14:25:00,0.979268394983732
135283,149.5744,149.6093,149.4247,149.5,47933,WMT,2023-04-05 14:30:00,0.9803378118409051
135284,149.5,149.76,149.5,149.74,55873,WMT,2023-04-05 14:35:00,0.9478068873286248
135285,149.74,149.78,149.6691,149.7719,42026,WMT,2023-04-05 14:40:00,0.9947764158248902
135286,149.79,149.79,149.649,149.695,64979,WMT,2023-04-05 14:45:00,0.9920177683234215
135287,149.7,149.8,149.64,149.78,103254,WMT,2023-04-05 14:50:00,0.9951030214627584
135288,149.785,149.815,149.56,149.56,122310,WMT,2023-04-05 14:55:00,0.9774943217635155
135289,149.56,149.75,149.56,149.735,55290,WMT,2023-04-05 15:00:00,0.9837373835699899
135290,149.73,149.82,149.7258,149.785,76121,WMT,2023-04-05 15:05:00,0.9378859400749207
135291,149.78,149.81,149.64,149.685,70279,WMT,2023-04-05 15:10:00,0.9275142124720983
135292,149.685,149.71,149.58,149.7,68287,WMT,2023-04-05 15:15:00,0.991204798221588
135294,149.685,149.79,149.67,149.6757,85568,WMT,2023-04-05 15:25:00,0.9943703242710659
135295,149.675,149.725,149.58,149.595,113923,WMT,2023-04-05 15:30:00,0.9895538985729218
135296,149.59,149.595,149.495,149.549,112783,WMT,2023-04-05 15:35:00,0.9950641870498658
135297,149.54,149.78,149.54,149.75,110336,WMT,2023-04-05 15:40:00,0.99244225025177
135298,149.75,149.85,149.69,149.81,120156,WMT,2023-04-05 15:45:00,0.9352502822875977
135299,149.81,149.81,149.52,149.575,154787,WMT,2023-04-05 15:50:00,0.9952121376991272
135300,149.58,149.63,149.41,149.455,250298,WMT,2023-04-05 15:55:00,0.9445044338703156
135301,149.46,149.72,149.4301,149.68,528811,WMT,2023-04-05 16:00:00,0.9970913132031759
135302,149.67,149.67,149.67,149.67,175801,WMT,2023-04-05 16:05:00,0.991685132185618
135303,149.68,149.68,149.67,149.67,25220,WMT,2023-04-05 16:10:00,0.9928279757499695
135304,149.8,149.8,149.8,149.8,3693,WMT,2023-04-05 16:15:00,0.9868123616491046
135305,149.8,149.8,149.0,149.0,4038,WMT,2023-04-05 16:20:00,0.9929412752389908
135306,149.2,149.4,149.0,149.0,5103,WMT,2023-04-05 16:25:00,0.9921033978462219
135307,149.0,149.01,148.82,148.98,3191,WMT,2023-04-05 16:30:00,0.9958063811063766
135308,148.98,149.0,148.98,149.0,3158,WMT,2023-04-05 16:35:00,0.9968781371911367
135309,149.0,149.0,149.0,149.0,2790,WMT,2023-04-05 16:40:00,0.994205892086029
135310,149.0,149.0,149.0,149.0,115,WMT,2023-04-05 16:45:00,0.9939696987469991
135311,148.9,148.9,148.9,148.9,152,WMT,2023-04-05 16:50:00,0.9735966444015502
135313,148.96,148.96,148.96,148.96,100,WMT,2023-04-05 17:05:00,0.9405427660260882
135314,149.0,149.0,149.0,149.0,1461,WMT,2023-04-05 17:10:00,0.957985003789266
135315,148.99,149.0,148.99,149.0,5548,WMT,2023-04-05 17:15:00,0.7842502892017365
135316,148.97,148.97,148.97,148.97,353,WMT,2023-04-05 17:20:00,0.9931119481722513
135317,148.8973,148.8973,148.8973,148.8973,202,WMT,2023-04-05 17:40:00,0.9814834952354431
135318,148.9004,149.0,148.9004,149.0,3112,WMT,2023-04-05 17:50:00,0.9775990843772888
135319,148.8948,148.8948,148.8948,148.8948,100,WMT,2023-04-05 18:05:00,0.9127109348773956
135320,149.0,149.0,148.99,149.0,2000,WMT,2023-04-05 18:30:00,0.9960745334625244
135321,149.0,149.0,149.0,149.0,425,WMT,2023-04-05 18:55:00,0.9909968823194504
135322,149.3,149.3,149.3,149.3,100,WMT,2023-04-05 19:45:00,0.9729531526565551
135323,149.3,149.3,149.01,149.01,600,WMT,2023-04-05 20:00:00,0.9860965013504028
135324,149.19,149.19,149.19,149.19,110,WMT,2023-04-06 06:25:00,0.9823616147041321
135325,149.2,149.2,149.2,149.2,369,WMT,2023-04-06 06:35:00,0.9853488504886627
135326,149.4,149.4,149.0,149.0,1997,WMT,2023-04-06 07:45:00,0.996030867099762
135328,149.0,149.0,149.0,149.0,550,WMT,2023-04-06 07:55:00,0.9871978461742402
135329,149.0,149.0,149.0,149.0,2015,WMT,2023-04-06 08:00:00,0.9948344826698303
135330,149.0017,149.31,149.0,149.0,2523,WMT,2023-04-06 08:05:00,0.9988418221473694
135331,149.0,149.0,149.0,149.0,737,WMT,2023-04-06 08:10:00,0.9919368028640746
135332,148.8,148.8,148.8,148.8,915,WMT,2023-04-06 08:15:00,0.971079170703888
135333,148.93,148.93,148.93,148.93,130,WMT,2023-04-06 08:20:00,0.9894049167633056
135334,148.5068,148.5068,148.5,148.5,617,WMT,2023-04-06 08:30:00,0.9934364557266236
135335,148.3099,148.3099,148.3099,148.3099,600,WMT,2023-04-06 08:35:00,0.9867118199666342
135336,148.7,148.7,148.7,148.7,202,WMT,2023-04-06 08:50:00,0.9943703263998032
135337,148.59,148.7,148.59,148.63,1093,WMT,2023-04-06 09:05:00,0.9945478836695353
135338,148.63,148.63,148.52,148.52,1525,WMT,2023-04-06 09:10:00,0.9911214709281921
135339,148.72,149.0,148.72,149.0,5375,WMT,2023-04-06 09:20:00,0.9951099753379822
135341,149.0,149.0,148.98,149.0,9352,WMT,2023-04-06 09:30:00,0.9984436631202698
135342,148.8,150.45,148.52,150.38,440635,WMT,2023-04-06 09:35:00,0.9889619946479797
135343,150.37,150.66,149.74,150.0899,185959,WMT,2023-04-06 09:40:00,0.9841279983520508
135345,149.89,150.23,149.8206,150.03,109782,WMT,2023-04-06 09:50:00,0.9781838059425354
135347,149.76,149.89,149.62,149.68,73103,WMT,2023-04-06 10:00:00,0.9931751290957133
135348,149.69,149.81,149.43,149.5,106887,WMT,2023-04-06 10:05:00,0.8154272139072418
135349,149.5,149.58,149.31,149.445,75308,WMT,2023-04-06 10:10:00,0.8730336427688599
135350,149.4401,149.6699,149.3,149.545,78167,WMT,2023-04-06 10:15:00,0.9931858479976654
135351,149.545,149.57,149.29,149.53,66563,WMT,2023-04-06 10:20:00,0.878051370382309
135352,149.48,149.6538,149.46,149.62,66792,WMT,2023-04-06 10:25:00,0.8288833498954773
135353,149.61,149.7,149.52,149.555,67680,WMT,2023-04-06 10:30:00,0.9888142943382264
135354,149.57,149.84,149.5379,149.79,56179,WMT,2023-04-06 10:35:00,0.8806704580783844
135355,149.785,149.815,149.68,149.79,60938,WMT,2023-04-06 10:40:00,0.9934766292572021
135356,149.8,149.85,149.65,149.69,51081,WMT,2023-04-06 10:45:00,0.9944355487823486
135357,149.69,149.98,149.69,149.87,66482,WMT,2023-04-06 10:50:00,0.9892383813858032
135358,149.87,149.88,149.77,149.84,65841,WMT,2023-04-06 10:55:00,0.9957227451460702
135359,149.84,149.925,149.78,149.88,46956,WMT,2023-04-06 11:00:00,0.9962165157000223
135360,149.885,149.98,149.84,149.98,30343,WMT,2023-04-06 11:05:00,0.9244073033332825
135361,149.97,150.14,149.97,150.09,47898,WMT,2023-04-06 11:10:00,0.9984501600265504
135362,150.0825,150.0825,149.99,150.0,32981,WMT,2023-04-06 11:15:00,0.993207573890686
135363,150.0,150.06,149.95,150.06,31557,WMT,2023-04-06 11:20:00,0.9373645707964897
135364,150.07,150.1,150.02,150.03,46689,WMT,2023-04-06 11:25:00,0.9943053424358368
135365,150.02,150.21,149.99,150.21,53943,WMT,2023-04-06 11:30:00,0.991846889257431
135366,150.2,150.21,150.13,150.13,30950,WMT,2023-04-06 11:35:00,0.9979913036028544
135367,150.13,150.18,150.095,150.1185,37911,WMT,2023-04-06 11:40:00,0.9949653744697572
135368,150.12,150.25,150.12,150.235,63191,WMT,2023-04-06 11:45:00,0.9350380897521973
135369,150.23,150.335,150.211,150.22,46013,WMT,2023-04-06 11:50:00,0.9699956576029459
135370,150.21,150.3,150.17,150.215,43397,WMT,2023-04-06 11:55:00,0.9658581614494324
135371,150.215,150.34,150.195,150.27,41351,WMT,2023-04-06 12:00:00,0.9983063737551371
135372,150.28,150.42,150.28,150.41,47583,WMT,2023-04-06 12:05:00,0.996908724308014
135374,150.53,150.78,150.53,150.7485,97469,WMT,2023-04-06 12:15:00,0.9947004616260529
135375,150.77,150.85,150.7001,150.79,89366,WMT,2023-04-06 12:20:00,0.9908993442853292
135376,150.8,150.82,150.7201,150.79,45442,WMT,2023-04-06 12:25:00,0.9967540899912516
135377,150.79,150.9,150.79,150.87,35765,WMT,2023-04-06 12:30:00,0.9854909380276998
135378,150.87,150.8899,150.7522,150.76,53225,WMT,2023-04-06 12:35:00,0.9697121381759644
135379,150.75,150.82,150.695,150.7,40749,WMT,2023-04-06 12:40:00,0.8182793855667114
135380,150.7,150.7598,150.65,150.745,40533,WMT,2023-04-06 12:45:00,0.9970881640911101
135381,150.75,150.88,150.73,150.83,37207,WMT,2023-04-06 12:50:00,0.9969856142997742
135382,150.82,150.93,150.82,150.87,45377,WMT,2023-04-06 12:55:00,0.9940731644630432
135383,150.865,150.88,150.78,150.86,36174,WMT,2023-04-06 13:00:00,0.9957863390445709
135385,150.9015,150.965,150.88,150.96,43502,WMT,2023-04-06 13:10:00,0.9524852633476257
135386,150.96,150.99,150.81,150.825,29676,WMT,2023-04-06 13:15:00,0.988274097442627
135387,150.83,150.875,150.69,150.71,42101,WMT,2023-04-06 13:20:00,0.9032374322414398
135388,150.69,150.71,150.53,150.55,87260,WMT,2023-04-06 13:25:00,0.9827306866645813
135389,150.56,150.6399,150.505,150.63,38318,WMT,2023-04-06 13:30:00,0.9863465130329132
135390,150.64,150.655,150.47,150.47,55418,WMT,2023-04-06 13:35:00,0.984483277797699
135391,150.47,150.65,150.445,150.53,38035,WMT,2023-04-06 13:40:00,0.9895202020804087
135392,150.535,150.54,150.49,150.495,22468,WMT,2023-04-06 13:45:00,0.9958285689353943
135393,150.49,150.495,150.36,150.37,42639,WMT,2023-04-06 13:50:00,0.9815634687741598
135394,150.37,150.39,150.31,150.355,44376,WMT,2023-04-06 13:55:00,0.9920312265555064
135395,150.34,150.37,150.31,150.3113,30096,WMT,2023-04-06 14:00:00,0.8943852782249451
135396,150.31,150.31,150.14,150.185,40652,WMT,2023-04-06 14:05:00,0.9324948390324911
135397,150.19,150.3,150.19,150.2225,28930,WMT,2023-04-06 14:10:00,0.9864874720573426
135398,150.23,150.335,150.22,150.3,53200,WMT,2023-04-06 14:15:00,0.9946557283401488
135399,150.285,150.39,150.2736,150.37,25859,WMT,2023-04-06 14:20:00,0.9782894651095072
135400,150.355,150.385,150.27,150.27,34991,WMT,2023-04-06 14:25:00,0.9901393055915833
135401,150.28,150.305,150.26,150.2918,22900,WMT,2023-04-06 14:30:00,0.9949724972248077
135402,150.3,150.3617,150.295,150.33,31696,WMT,2023-04-06 14:35:00,0.9622236092885336
135403,150.3222,150.325,150.2,150.2,23243,WMT,2023-04-06 14:40:00,0.988722582658132
135404,150.205,150.24,150.1813,150.23,25139,WMT,2023-04-06 14:45:00,0.9874165654182434
135405,150.23,150.25,150.195,150.25,27849,WMT,2023-04-06 14:50:00,0.9911052584648132
135406,150.26,150.31,150.235,150.3,36562,WMT,2023-04-06 14:55:00,0.9862207531929016
135407,150.31,150.37,150.2624,150.285,38559,WMT,2023-04-06 15:00:00,0.9859734296798706
135408,150.28,150.365,150.27,150.27,52502,WMT,2023-04-06 15:05:00,0.9022327065467834
135409,150.26,150.29,150.1501,150.24,46440,WMT,2023-04-06 15:10:00,0.9978787104288737
135410,150.23,150.33,150.21,150.33,34205,WMT,2023-04-06 15:15:00,0.9715853035449982
135411,150.31,150.35,150.29,150.3,44927,WMT,2023-04-06 15:20:00,0.9666686415672302
135412,150.3,150.43,150.25,150.4,63709,WMT,2023-04-06 15:25:00,0.9994127551714579
135413,150.41,150.43,150.335,150.395,80507,WMT,2023-04-06 15:30:00,0.9883157502521168
135414,150.39,150.455,150.295,150.41,101091,WMT,2023-04-06 15:35:00,0.9944355487823486
135415,150.41,150.47,150.365,150.43,57288,WMT,2023-04-06 15:40:00,0.9940340518951416
135416,150.43,150.525,150.36,150.52,81739,WMT,2023-04-06 15:45:00,0.8725789019039699
135417,150.52,150.66,150.45,150.66,110568,WMT,2023-04-06 15:50:00,0.7552111148834229
135418,150.67,150.81,150.63,150.67,187337,WMT,2023-04-06 15:55:00,0.9852388401826223
135419,150.67,150.85,150.64,150.8,307343,WMT,2023-04-06 16:00:00,0.9841015338897705
135420,150.8,150.8,150.8,150.8,135928,WMT,2023-04-06 16:05:00,0.9831281900405884
135421,150.8,150.8,150.3,150.3,9374,WMT,2023-04-06 16:10:00,0.6727581322193146
135422,150.8,150.8,150.8,150.8,2730,WMT,2023-04-06 16:15:00,0.9935553669929504
135423,150.8,150.8,150.8,150.8,367,WMT,2023-04-06 16:30:00,0.921229342619578
135424,150.7,150.7,150.6001,150.6001,404,WMT,2023-04-06 16:50:00,0.9937440355618795
135425,150.898,150.898,150.898,150.898,108,WMT,2023-04-06 17:45:00,0.9952050447463988
135426,150.99,150.99,150.99,150.99,100,WMT,2023-04-06 18:10:00,0.9997525811195374
135427,150.8,150.8,150.8,150.8,100,WMT,2023-04-06 19:45:00,0.9771836459636688
135428,150.7,150.7,150.7,150.7,856,WMT,2023-04-06 20:00:00,0.9816968142986296
135430,150.2,151.1,150.2,151.1,470,WMT,2023-04-10 08:05:00,0.8434305389722189
135433,150.36,150.9028,150.17,150.7717,170639,WMT,2023-04-10 09:35:00,0.9825284481048584
135434,150.75,150.87,150.4,150.59,79609,WMT,2023-04-10 09:40:00,0.9757746458053588
135435,150.61,150.635,150.23,150.3199,64490,WMT,2023-04-10 09:45:00,0.9932435154914856
135436,150.32,150.37,149.94,150.06,74759,WMT,2023-04-10 09:50:00,0.9879981279373169
135437,150.08,150.11,149.93,150.05,68245,WMT,2023-04-10 09:55:00,0.9780659079551696
135438,150.05,150.05,149.79,149.83,120054,WMT,2023-04-10 10:00:00,0.9613594859838486
135444,150.49,150.52,150.26,150.27,72524,WMT,2023-04-10 10:30:00,0.9981942772865297
135445,150.29,150.39,150.185,150.315,46528,WMT,2023-04-10 10:35:00,0.9977166056632996
135446,150.3113,150.3113,150.1,150.1,41687,WMT,2023-04-10 10:40:00,0.9964403510093688
135448,150.17,150.35,150.15,150.29,92474,WMT,2023-04-10 10:50:00,0.9573702216148376
135449,150.3,150.31,150.1135,150.19,45277,WMT,2023-04-10 10:55:00,0.9835975766181946
135450,150.21,150.35,150.11,150.2556,94777,WMT,2023-04-10 11:00:00,0.99444180727005
135451,150.2501,150.43,150.22,150.3636,40441,WMT,2023-04-10 11:05:00,0.9933443069458008
135452,150.38,150.57,150.38,150.48,36159,WMT,2023-04-10 11:10:00,0.9983362754185995
135453,150.461,150.5401,150.39,150.54,37383,WMT,2023-04-10 11:15:00,0.9994255304336548
135455,150.545,150.61,150.4444,150.46,40217,WMT,2023-04-10 11:25:00,0.997402846813202
135456,150.47,150.49,150.37,150.44,25440,WMT,2023-04-10 11:30:00,0.9737155437469482
135457,150.46,150.51,150.44,150.49,33180,WMT,2023-04-10 11:35:00,0.9966879785060883
135458,150.48,150.56,150.42,150.43,105284,WMT,2023-04-10 11:40:00,0.9969950119654337
135461,150.305,150.37,150.2797,150.31,28798,WMT,2023-04-10 11:55:00,0.9949440360069276
135462,150.31,150.33,150.17,150.22,35966,WMT,2023-04-10 12:00:00,0.9927225410938263
135463,150.24,150.375,150.215,150.3569,38990,WMT,2023-04-10 12:05:00,0.9994807839393616
135464,150.35,150.4,150.29,150.3234,36632,WMT,2023-04-10 12:10:00,0.995824376742045
135465,150.33,150.45,150.31,150.3701,39559,WMT,2023-04-10 12:15:00,0.9989789128303528
135466,150.38,150.485,150.38,150.435,44368,WMT,2023-04-10 12:20:00,0.9952436238527298
135468,150.62,150.8,150.61,150.8,36741,WMT,2023-04-10 12:30:00,0.9544468436922345
135469,150.81,150.92,150.79,150.9177,30670,WMT,2023-04-10 12:35:00,0.9935347735881805
135470,150.92,151.11,150.91,151.11,45142,WMT,2023-04-10 12:40:00,0.9973320166269937
135471,151.1,151.1,150.93,150.95,28504,WMT,2023-04-10 12:45:00,0.9984691143035889
135472,150.97,151.02,150.93,150.99,23501,WMT,2023-04-10 12:50:00,0.9992114305496216
135473,150.98,151.09,150.98,151.05,23316,WMT,2023-04-10 12:55:00,0.9866087237993876
135474,151.034,151.11,151.034,151.05,20310,WMT,2023-04-10 13:00:00,0.8543981711069742
135475,151.05,151.1,150.99,151.005,24419,WMT,2023-04-10 13:05:00,0.9242983609437943
135476,151.005,151.03,150.92,151.02,35369,WMT,2023-04-10 13:10:00,0.8997410535812378
135477,151.035,151.1,151.013,151.03,27175,WMT,2023-04-10 13:15:00,0.9797674119472504
135478,151.04,151.12,151.04,151.1,17696,WMT,2023-04-10 13:20:00,0.9969807267189026
135479,151.08,151.1,150.98,150.99,21681,WMT,2023-04-10 13:25:00,0.9986982345581055
135481,150.99,151.0434,150.915,150.99,29562,WMT,2023-04-10 13:35:00,0.9528196454048157
135482,150.98,151.01,150.945,150.97,20474,WMT,2023-04-10 13:40:00,0.990194151798884
135483,150.98,151.0,150.92,150.995,25750,WMT,2023-04-10 13:45:00,0.9786444902420044
135484,151.0,151.11,150.99,151.05,28895,WMT,2023-04-10 13:50:00,0.936456024646759
135485,151.04,151.115,151.0199,151.0508,19670,WMT,2023-04-10 13:55:00,0.9103337526321412
135486,151.05,151.055,150.99,151.005,29024,WMT,2023-04-10 14:00:00,0.9838732182979584
135487,151.01,151.01,150.84,150.87,35167,WMT,2023-04-10 14:05:00,0.8657314628362656
135488,150.885,150.91,150.82,150.83,37459,WMT,2023-04-10 14:10:00,0.8211428821086884
135489,150.83,150.98,150.815,150.89,25475,WMT,2023-04-10 14:15:00,0.9926299254099528
135490,150.9,150.94,150.86,150.88,20738,WMT,2023-04-10 14:20:00,0.9893524646759033
135491,150.89,150.9,150.7926,150.7926,27520,WMT,2023-04-10 14:25:00,0.9912854731082916
135492,150.8,150.81,150.72,150.79,24924,WMT,2023-04-10 14:30:00,0.9949285089969635
135493,150.8,150.84,150.69,150.71,31077,WMT,2023-04-10 14:35:00,0.861218637890286
135494,150.71,150.71,150.58,150.58,27540,WMT,2023-04-10 14:40:00,0.9940585295359293
135495,150.57,150.57,150.4601,150.555,64201,WMT,2023-04-10 14:45:00,0.9853591918945312
135497,150.6,150.71,150.6,150.62,29706,WMT,2023-04-10 14:55:00,0.9927668869495392
135498,150.63,150.685,150.62,150.685,28953,WMT,2023-04-10 15:00:00,0.9973229765892028
135500,150.75,150.79,150.71,150.75,82781,WMT,2023-04-10 15:10:00,0.9833638469378153
135501,150.76,150.79,150.6878,150.69,49048,WMT,2023-04-10 15:15:00,0.995339035987854
135502,150.68,150.68,150.55,150.55,57988,WMT,2023-04-10 15:20:00,0.9891411066055298
135504,150.53,150.55,150.39,150.41,45229,WMT,2023-04-10 15:30:00,0.9830062588055929
135505,150.415,150.475,150.36,150.37,75291,WMT,2023-04-10 15:35:00,0.985220268368721
135506,150.36,150.45,150.3,150.45,60799,WMT,2023-04-10 15:40:00,0.9773063957691193
135507,150.455,150.48,150.37,150.39,66368,WMT,2023-04-10 15:45:00,0.9941284507513046
135508,150.3884,150.47,150.355,150.38,90168,WMT,2023-04-10 15:50:00,0.9802067950367928
135509,150.39,150.415,150.28,150.295,130239,WMT,2023-04-10 15:55:00,0.9966458976268768
135510,150.295,150.51,150.285,150.51,313821,WMT,2023-04-10 16:00:00,0.980627715587616
135511,150.51,150.51,150.51,150.51,161228,WMT,2023-04-10 16:05:00,0.9958972632884979
135512,150.51,150.51,150.51,150.51,1239,WMT,2023-04-10 16:10:00,0.992341136932373
135515,150.59,150.59,150.59,150.59,100,WMT,2023-04-10 18:35:00,0.9925076603889466
135516,150.66,150.66,150.66,150.66,200,WMT,2023-04-10 18:45:00,0.8912548124790193
135517,151.03,151.03,151.03,151.03,1049,WMT,2023-04-11 06:10:00,0.999556839466095
135518,151.21,151.21,151.21,151.21,500,WMT,2023-04-11 06:45:00,0.9944407045841218
135520,151.05,151.05,151.05,151.05,163,WMT,2023-04-11 07:10:00,0.9281955361366272
135523,150.7301,150.7301,150.7301,150.7301,283,WMT,2023-04-11 08:05:00,0.9917377829551696
135524,151.03,151.03,151.03,151.03,250,WMT,2023-04-11 08:35:00,0.9726498872041702
135526,151.0,151.0,150.34,150.66,140963,WMT,2023-04-11 09:35:00,0.996170461177826
135527,150.63,150.6639,150.47,150.5,42562,WMT,2023-04-11 09:40:00,0.9968208074569702
135528,150.5,150.8,150.36,150.65,67695,WMT,2023-04-11 09:45:00,0.9977288842201232
135530,150.4467,150.6225,150.4467,150.46,67130,WMT,2023-04-11 09:55:00,0.9977720379829408
135536,150.49,150.51,150.3,150.33,51364,WMT,2023-04-11 10:25:00,0.9698888659477234
135538,150.34,150.37,150.22,150.29,108666,WMT,2023-04-11 10:35:00,0.9970844089984894
135541,150.41,150.5,150.32,150.45,107144,WMT,2023-04-11 10:50:00,0.9967684745788574
135542,150.46,150.64,150.34,150.62,82289,WMT,2023-04-11 10:55:00,0.9985297620296478
135543,150.615,150.82,150.615,150.78,116703,WMT,2023-04-11 11:00:00,0.9729439318180084
135548,150.73,150.8799,150.72,150.8799,46521,WMT,2023-04-11 11:25:00,0.9715551137924194
135549,150.88,150.9,150.81,150.83,51115,WMT,2023-04-11 11:30:00,0.9245029836893082
135550,150.85,150.865,150.68,150.69,33623,WMT,2023-04-11 11:35:00,0.9984594583511353
135551,150.67,150.7,150.5549,150.63,30629,WMT,2023-04-11 11:40:00,0.9919884204864502
135554,150.34,150.385,150.25,150.295,52915,WMT,2023-04-11 11:55:00,0.9887298941612244
135555,150.295,150.34,150.222,150.23,62474,WMT,2023-04-11 12:00:00,0.9944385290145874
135556,150.24,150.26,150.06,150.07,57246,WMT,2023-04-11 12:05:00,0.9848823249340057
135559,149.72,150.1399,149.72,150.0228,82445,WMT,2023-04-11 12:20:00,0.9872339708464486
135560,150.04,150.27,150.04,150.21,159419,WMT,2023-04-11 12:25:00,0.9006858269373575
135561,150.215,150.23,150.07,150.19,82969,WMT,2023-04-11 12:30:00,0.9931653340657552
135562,150.2,150.3,150.2,150.29,30190,WMT,2023-04-11 12:35:00,0.9813241958618164
135564,150.21,150.27,150.15,150.255,31987,WMT,2023-04-11 12:45:00,0.9700464010238647
135565,150.25,150.34,150.22,150.29,26944,WMT,2023-04-11 12:50:00,0.7677936851978302
135567,150.28,150.35,150.25,150.335,23506,WMT,2023-04-11 13:00:00,0.988587478796641
135568,150.33,150.38,150.24,150.26,28908,WMT,2023-04-11 13:05:00,0.9960043549537658
135569,150.27,150.46,150.27,150.4,76609,WMT,2023-04-11 13:10:00,0.9981776475906372
135570,150.4,150.43,150.345,150.375,44330,WMT,2023-04-11 13:15:00,0.978989988565445
135571,150.375,150.41,150.26,150.3514,46148,WMT,2023-04-11 13:20:00,0.9977115988731384
135572,150.355,150.455,150.34,150.395,42010,WMT,2023-04-11 13:25:00,0.9574853479862213
135573,150.395,150.55,150.39,150.535,32675,WMT,2023-04-11 13:30:00,0.985352337360382
135574,150.54,150.58,150.45,150.49,40045,WMT,2023-04-11 13:35:00,0.9876048862934113
135575,150.49,150.56,150.42,150.56,27342,WMT,2023-04-11 13:40:00,0.9981776475906372
135576,150.59,150.59,150.52,150.52,38826,WMT,2023-04-11 13:45:00,0.9978471994400024
135577,150.52,150.54,150.48,150.535,63642,WMT,2023-04-11 13:50:00,0.9876030683517456
135578,150.535,150.54,150.31,150.345,30602,WMT,2023-04-11 13:55:00,0.912231465180715
135579,150.35,150.3914,150.31,150.38,31381,WMT,2023-04-11 14:00:00,0.996302604675293
135580,150.38,150.4,150.27,150.29,30860,WMT,2023-04-11 14:05:00,0.9975207703454154
135581,150.29,150.31,150.24,150.265,31566,WMT,2023-04-11 14:10:00,0.9392543137073517
135582,150.26,150.31,150.22,150.3001,60750,WMT,2023-04-11 14:15:00,0.9929668307304382
135583,150.31,150.435,150.31,150.435,54610,WMT,2023-04-11 14:20:00,0.9798536499341329
135584,150.44,150.45,150.36,150.43,36227,WMT,2023-04-11 14:25:00,0.9981776475906372
135585,150.45,150.47,150.41,150.465,27447,WMT,2023-04-11 14:30:00,0.991068959236145
135586,150.47,150.495,150.44,150.44,35372,WMT,2023-04-11 14:35:00,0.9887089331944784
135588,150.44,150.46,150.39,150.44,34913,WMT,2023-04-11 14:45:00,0.9963760574658712
135589,150.445,150.46,150.4,150.4,32191,WMT,2023-04-11 14:50:00,0.9888883431752523
135590,150.4107,150.4107,150.365,150.385,42569,WMT,2023-04-11 14:55:00,0.9213960511343819
135591,150.385,150.42,150.365,150.38,47836,WMT,2023-04-11 15:00:00,0.9922345678011576
135592,150.375,150.42,150.37,150.405,94041,WMT,2023-04-11 15:05:00,0.9981776475906372
135593,150.405,150.405,150.25,150.3005,93269,WMT,2023-04-11 15:10:00,0.9839390814304352
135594,150.32,150.34,150.26,150.33,65492,WMT,2023-04-11 15:15:00,0.8814220428466797
135595,150.325,150.4,150.305,150.39,91003,WMT,2023-04-11 15:20:00,0.9844983816146851
135596,150.39,150.47,150.35,150.36,108773,WMT,2023-04-11 15:25:00,0.9981276392936707
135597,150.35,150.38,150.29,150.33,69824,WMT,2023-04-11 15:30:00,0.9819380640983582
135598,150.33,150.37,150.24,150.325,63531,WMT,2023-04-11 15:35:00,0.9382257163524628
135599,150.33,150.36,150.28,150.32,106916,WMT,2023-04-11 15:40:00,0.979557454586029
135600,150.32,150.39,150.08,150.12,253645,WMT,2023-04-11 15:45:00,0.9925337036450704
135601,150.12,150.155,150.01,150.045,102379,WMT,2023-04-11 15:50:00,0.9900431931018829
135602,150.04,150.12,150.0,150.06,169998,WMT,2023-04-11 15:55:00,0.9975237846374512
135603,150.07,150.08,149.955,150.07,326736,WMT,2023-04-11 16:00:00,0.9914076030254364
135604,150.07,150.1333,150.07,150.11,223165,WMT,2023-04-11 16:05:00,0.9952240884304047
135605,150.07,150.07,150.07,150.07,20982,WMT,2023-04-11 16:10:00,0.9905112187067667
135606,150.07,150.07,150.07,150.07,2367,WMT,2023-04-11 16:15:00,0.9982839822769165
135607,150.07,150.07,150.07,150.07,145,WMT,2023-04-11 16:55:00,0.9964967687924703
135608,150.08,150.08,150.08,150.08,484,WMT,2023-04-11 17:05:00,0.980078957582775
135609,150.08,150.08,150.08,150.08,195,WMT,2023-04-11 17:10:00,0.9981679439544677
135610,150.07,150.07,150.07,150.07,150,WMT,2023-04-11 17:30:00,0.9976668395102024
135611,150.15,150.15,150.15,150.15,100,WMT,2023-04-11 17:35:00,0.9818059901396433
135612,150.1,150.1,150.1,150.1,220,WMT,2023-04-11 19:35:00,0.9640237418088046
135613,150.1,150.1,150.1,150.1,220,WMT,2023-04-11 19:35:00,0.9640237418088046
